thread,student,domain_name,domain_value,item_count,raw_score,max_points,true_theta,theta,se,scale_score,scale_score_se,performance_level
1,1,Overall,Overall,18,10,18,-0.079888,0.462176,0.443323,0,0,
1,2,Overall,Overall,18,10,18,-0.577831,0.222866,0.441813,0,0,
1,3,Overall,Overall,17,9,17,0.051265,0.211029,0.449949,0,0,
1,4,Overall,Overall,18,9,18,-0.177713,0.074132,0.440332,0,0,
1,5,Overall,Overall,18,9,18,0.615441,0.361045,0.444859,0,0,
1,6,Overall,Overall,19,12,19,1.088635,0.727416,0.439167,1,0,
1,7,Overall,Overall,19,12,19,0.291258,0.877393,0.446957,1,0,
1,8,Overall,Overall,18,11,18,-0.288291,0.419775,0.446187,0,0,
1,9,Overall,Overall,22,6,22,-2.050112,-1.262787,0.448952,-1,0,
1,10,Overall,Overall,18,11,18,0.72216,0.348358,0.446328,0,0,
1,11,Overall,Overall,22,6,22,-1.31278,-1.167477,0.443502,-1,0,
1,12,Overall,Overall,18,9,18,0.004958,0.224953,0.441899,0,0,
1,13,Overall,Overall,18,8,18,-0.636657,-0.427375,0.44452,0,0,
1,14,Overall,Overall,18,7,18,-0.339976,-0.640154,0.447187,-1,0,
1,15,Overall,Overall,18,7,18,-0.507452,-0.379319,0.446948,0,0,
1,16,Overall,Overall,20,14,20,1.203852,1.070897,0.445271,1,0,
1,17,Overall,Overall,18,7,18,-0.080111,-0.626395,0.448206,-1,0,
1,18,Overall,Overall,18,9,18,0.351747,0.012984,0.440826,0,0,
1,19,Overall,Overall,18,8,18,0.069284,-0.362393,0.441794,0,0,
1,20,Overall,Overall,24,19,24,1.535842,1.818284,0.443533,2,0,
1,21,Overall,Overall,28,4,28,-1.541817,-2.10255,0.446916,-2,0,
1,22,Overall,Overall,18,10,18,1.219702,0.558968,0.445391,1,0,
1,23,Overall,Overall,17,9,17,-0.06812,0.211029,0.449949,0,0,
1,24,Overall,Overall,22,6,22,-1.480799,-1.209891,0.445682,-1,0,
1,25,Overall,Overall,19,13,19,1.138135,0.785946,0.446584,1,0,
1,26,Overall,Overall,19,13,19,1.471413,0.837783,0.445639,1,0,
1,27,Overall,Overall,18,8,18,-0.425893,-0.011199,0.449218,0,0,
1,28,Overall,Overall,23,17,23,0.984834,1.554862,0.43965,2,0,
1,29,Overall,Overall,30,27,30,2.437908,2.390491,0.456133,2,0,
1,30,Overall,Overall,20,6,20,-1.10044,-1.125987,0.449573,-1,0,
1,31,Overall,Overall,18,11,18,-0.066069,0.530196,0.444757,1,0,
1,32,Overall,Overall,19,12,19,1.350455,0.80442,0.442305,1,0,
1,33,Overall,Overall,18,9,18,0.365651,0.297355,0.445635,0,0,
1,34,Overall,Overall,26,5,26,-1.713997,-1.836454,0.44049,-2,0,
1,35,Overall,Overall,20,6,20,-0.719547,-1.125987,0.449573,-1,0,
1,36,Overall,Overall,18,8,18,-0.507802,-0.120331,0.442118,0,0,
1,37,Overall,Overall,18,9,18,-0.275767,0.224953,0.441899,0,0,
1,38,Overall,Overall,27,4,27,-1.367789,-1.694612,0.456886,-2,0,
1,39,Overall,Overall,19,7,19,-0.866497,-0.789499,0.44326,-1,0,
1,40,Overall,Overall,18,11,18,0.348673,0.419775,0.446187,0,0,
1,41,Overall,Overall,18,9,18,-0.208232,-0.099181,0.439871,0,0,
1,42,Overall,Overall,21,6,21,-0.614222,-1.040965,0.447658,-1,0,
1,43,Overall,Overall,23,18,23,2.018656,1.701797,0.447364,2,0,
1,44,Overall,Overall,25,5,25,-1.337957,-1.782765,0.44566,-2,0,
1,45,Overall,Overall,30,30,30,2.531001,3.122686,0.539698,3,1,
1,46,Overall,Overall,18,10,18,-0.199943,0.31914,0.441792,0,0,
1,47,Overall,Overall,26,22,26,2.855234,2.105648,0.447764,2,0,
1,48,Overall,Overall,18,9,18,0.032353,0.319122,0.444452,0,0,
1,49,Overall,Overall,18,9,18,-0.218524,-0.167841,0.440855,0,0,
1,50,Overall,Overall,18,7,18,-0.796529,-0.559084,0.445705,-1,0,
1,51,Overall,Overall,18,11,18,1.381575,0.660081,0.446903,1,0,
1,52,Overall,Overall,18,8,18,-0.055515,-0.181816,0.442386,0,0,
1,53,Overall,Overall,21,15,21,1.468926,1.275567,0.447362,1,0,
1,54,Overall,Overall,19,13,19,0.629035,0.837783,0.445639,1,0,
1,55,Overall,Overall,19,13,19,0.79188,0.837783,0.445639,1,0,
1,56,Overall,Overall,18,9,18,0.03992,0.224953,0.441899,0,0,
1,57,Overall,Overall,18,8,18,-0.206647,-0.292955,0.441014,0,0,
1,58,Overall,Overall,18,9,18,0.512207,-0.167841,0.440855,0,0,
1,59,Overall,Overall,18,9,18,-0.45984,-0.099181,0.439871,0,0,
1,60,Overall,Overall,18,10,18,-0.245288,0.222866,0.441813,0,0,
1,61,Overall,Overall,18,8,18,-0.007719,-0.362393,0.441794,0,0,
1,62,Overall,Overall,23,18,23,1.959504,1.752297,0.44943,2,0,
1,63,Overall,Overall,24,6,24,-3.102349,-1.523924,0.441228,-2,0,
1,64,Overall,Overall,18,11,18,0.696134,0.530196,0.444757,1,0,
1,65,Overall,Overall,19,6,19,-0.87906,-0.8827,0.448556,-1,0,
1,66,Overall,Overall,19,7,19,-0.64423,-0.685161,0.440848,-1,0,
1,67,Overall,Overall,18,9,18,0.292048,-0.042763,0.440127,0,0,
1,68,Overall,Overall,18,10,18,0.812139,0.156061,0.441708,0,0,
1,69,Overall,Overall,18,11,18,0.439847,0.758655,0.448823,1,0,
1,70,Overall,Overall,25,5,25,-1.525296,-1.782765,0.44566,-2,0,
1,71,Overall,Overall,19,7,19,-0.538268,-0.789499,0.44326,-1,0,
1,72,Overall,Overall,18,7,18,-1.183918,-0.626395,0.448206,-1,0,
1,73,Overall,Overall,18,10,18,-0.398353,0.334364,0.440808,0,0,
1,74,Overall,Overall,21,14,21,0.537626,1.042651,0.438741,1,0,
1,75,Overall,Overall,18,9,18,-0.841055,0.074132,0.440332,0,0,
1,76,Overall,Overall,21,7,21,-1.369154,-0.953534,0.437285,-1,0,
1,77,Overall,Overall,19,7,19,-0.550108,-0.685161,0.440848,-1,0,
1,78,Overall,Overall,19,7,19,-0.953084,-0.873473,0.448371,-1,0,
1,79,Overall,Overall,19,13,19,0.699547,0.923416,0.44677,1,0,
1,80,Overall,Overall,18,8,18,-0.129043,-0.292955,0.441014,0,0,
1,81,Overall,Overall,20,14,20,2.035828,1.194312,0.447409,1,0,
1,82,Overall,Overall,18,11,18,0.375523,0.660081,0.446903,1,0,
1,83,Overall,Overall,18,8,18,-0.12946,-0.292955,0.441014,0,0,
1,84,Overall,Overall,23,6,23,-1.650298,-1.394898,0.445005,-1,0,
1,85,Overall,Overall,19,12,19,0.893465,0.794687,0.447457,1,0,
1,86,Overall,Overall,18,11,18,1.097292,0.660081,0.446903,1,0,
1,87,Overall,Overall,18,9,18,-0.167048,0.074132,0.440332,0,0,
1,88,Overall,Overall,18,9,18,-0.498299,-0.099181,0.439871,0,0,
1,89,Overall,Overall,24,5,24,-1.913176,-1.663296,0.449188,-2,0,
1,90,Overall,Overall,21,15,21,1.727036,1.29946,0.448372,1,0,
1,91,Overall,Overall,18,7,18,-0.321963,-0.379319,0.446948,0,0,
1,92,Overall,Overall,22,16,22,1.776066,1.384949,0.441502,1,0,
1,93,Overall,Overall,26,22,26,2.614791,2.105648,0.447764,2,0,
1,94,Overall,Overall,20,7,20,-1.936849,-0.939208,0.440492,-1,0,
1,95,Overall,Overall,30,2,30,-2.049777,-2.573055,0.481923,-3,0,
1,96,Overall,Overall,18,7,18,0.106852,-0.559084,0.445705,-1,0,
1,97,Overall,Overall,24,6,24,-1.405549,-1.523924,0.441228,-2,0,
1,98,Overall,Overall,22,6,22,-1.542945,-1.202287,0.439981,-1,0,
1,99,Overall,Overall,19,13,19,0.856198,1.020148,0.44849,1,0,
1,100,Overall,Overall,18,7,18,-1.375945,-0.626395,0.448206,-1,0,
1,101,Overall,Overall,19,13,19,-5.21E-4,0.923416,0.44677,1,0,
1,102,Overall,Overall,18,8,18,0.594568,0.120844,0.44661,0,0,
1,103,Overall,Overall,19,13,19,1.284197,0.837783,0.445639,1,0,
1,104,Overall,Overall,18,9,18,0.352419,0.261353,0.445255,0,0,
1,105,Overall,Overall,18,7,18,-0.473098,-0.640154,0.447187,-1,0,
1,106,Overall,Overall,18,9,18,-0.930202,0.26614,0.442681,0,0,
1,107,Overall,Overall,18,9,18,-1.506899,-0.167841,0.440855,0,0,
1,108,Overall,Overall,18,11,18,0.62257,0.572321,0.445523,1,0,
1,109,Overall,Overall,22,16,22,1.200014,1.384949,0.441502,1,0,
1,110,Overall,Overall,20,14,20,0.882701,1.149311,0.447399,1,0,
1,111,Overall,Overall,17,9,17,0.408334,0.152793,0.449939,0,0,
1,112,Overall,Overall,18,10,18,0.064589,0.272324,0.441528,0,0,
1,113,Overall,Overall,18,10,18,0.201719,0.272324,0.441528,0,0,
1,114,Overall,Overall,18,8,18,-0.323365,-0.10126,0.445507,0,0,
1,115,Overall,Overall,18,10,18,0.353909,0.504316,0.44844,1,0,
1,116,Overall,Overall,18,8,18,0.131902,-0.362393,0.441794,0,0,
1,117,Overall,Overall,18,9,18,0.428735,-0.099181,0.439871,0,0,
1,118,Overall,Overall,18,9,18,0.577471,0.074132,0.440332,0,0,
1,119,Overall,Overall,18,8,18,0.199694,0.120844,0.44661,0,0,
1,120,Overall,Overall,18,11,18,0.624093,0.572321,0.445523,1,0,
1,121,Overall,Overall,18,8,18,-1.020455,-0.292955,0.441014,0,0,
1,122,Overall,Overall,28,4,28,-1.921226,-2.10255,0.446916,-2,0,
1,123,Overall,Overall,17,9,17,0.237469,0.211029,0.449949,0,0,
1,124,Overall,Overall,18,10,18,1.048256,0.558968,0.445391,1,0,
1,125,Overall,Overall,23,6,23,-1.292304,-1.2869,0.439267,-1,0,
1,126,Overall,Overall,18,10,18,1.14613,0.334364,0.440808,0,0,
1,127,Overall,Overall,25,5,25,-2.054617,-1.782765,0.44566,-2,0,
1,128,Overall,Overall,18,7,18,-0.675103,-0.640154,0.447187,-1,0,
1,129,Overall,Overall,19,12,19,1.205651,0.912775,0.4451,1,0,
1,130,Overall,Overall,18,7,18,0.675396,-0.559084,0.445705,-1,0,
1,131,Overall,Overall,19,7,19,-0.851138,-0.789499,0.44326,-1,0,
1,132,Overall,Overall,18,8,18,-0.209536,-0.362393,0.441794,0,0,
1,133,Overall,Overall,18,10,18,0.501241,0.278705,0.441087,0,0,
1,134,Overall,Overall,18,8,18,-0.28915,-0.292955,0.441014,0,0,
1,135,Overall,Overall,23,18,23,1.493673,1.752297,0.44943,2,0,
1,136,Overall,Overall,18,8,18,0.222744,-0.181816,0.442386,0,0,
1,137,Overall,Overall,18,9,18,0.056396,0.074132,0.440332,0,0,
1,138,Overall,Overall,18,7,18,-0.20169,-0.504046,0.446801,-1,0,
1,139,Overall,Overall,19,12,19,1.361185,0.80442,0.442305,1,0,
1,140,Overall,Overall,21,7,21,-0.39705,-0.748696,0.435446,-1,0,
1,141,Overall,Overall,19,12,19,0.736929,0.912775,0.4451,1,0,
1,142,Overall,Overall,18,7,18,-0.615144,-0.551064,0.446288,-1,0,
1,143,Overall,Overall,19,12,19,0.826352,0.538146,0.439701,1,0,
1,144,Overall,Overall,18,9,18,-0.416658,-0.099181,0.439871,0,0,
1,145,Overall,Overall,18,11,18,0.851039,0.758655,0.448823,1,0,
1,146,Overall,Overall,19,7,19,-1.40183,-0.789499,0.44326,-1,0,
1,147,Overall,Overall,22,6,22,-1.52075,-1.209891,0.445682,-1,0,
1,148,Overall,Overall,18,8,18,-0.281963,-0.236856,0.441482,0,0,
1,149,Overall,Overall,18,10,18,0.393894,0.558968,0.445391,1,0,
1,150,Overall,Overall,24,6,24,-1.629446,-1.411623,0.436105,-1,0,
1,151,Overall,Overall,18,9,18,-0.229133,0.018315,0.440003,0,0,
1,152,Overall,Overall,18,9,18,0.272331,0.074132,0.440332,0,0,
1,153,Overall,Overall,19,12,19,0.248688,0.642887,0.437814,1,0,
1,154,Overall,Overall,20,14,20,1.211708,1.070897,0.445271,1,0,
1,155,Overall,Overall,22,17,22,1.441479,1.78274,0.44872,2,0,
1,156,Overall,Overall,18,8,18,-0.765216,-0.362393,0.441794,0,0,
1,157,Overall,Overall,18,10,18,-0.015989,0.516784,0.445216,1,0,
1,158,Overall,Overall,20,7,20,-1.789054,-0.939208,0.440492,-1,0,
1,159,Overall,Overall,20,7,20,-0.358894,-0.939208,0.440492,-1,0,
1,160,Overall,Overall,18,11,18,0.535498,0.530196,0.444757,1,0,
1,161,Overall,Overall,18,8,18,-1.431287,-0.362393,0.441794,0,0,
1,162,Overall,Overall,18,7,18,-0.52984,-0.626395,0.448206,-1,0,
1,163,Overall,Overall,22,17,22,1.418357,1.624297,0.448542,2,0,
1,164,Overall,Overall,18,9,18,-0.921159,-0.038128,0.440121,0,0,
1,165,Overall,Overall,17,9,17,0.591574,0.211029,0.449949,0,0,
1,166,Overall,Overall,29,4,29,-1.905009,-2.126069,0.44426,-2,0,
1,167,Overall,Overall,18,9,18,0.848996,0.224953,0.441899,0,0,
1,168,Overall,Overall,18,9,18,-0.913723,-0.042763,0.440127,0,0,
1,169,Overall,Overall,19,13,19,1.378968,0.923416,0.44677,1,0,
1,170,Overall,Overall,18,7,18,-0.498772,-0.559084,0.445705,-1,0,
1,171,Overall,Overall,18,8,18,-0.344436,-0.362393,0.441794,0,0,
1,172,Overall,Overall,25,6,25,-1.751612,-1.588992,0.435126,-2,0,
1,173,Overall,Overall,18,8,18,-0.462739,-0.120331,0.442118,0,0,
1,174,Overall,Overall,17,9,17,-0.1687,0.152793,0.449939,0,0,
1,175,Overall,Overall,18,8,18,0.190989,-0.292955,0.441014,0,0,
1,176,Overall,Overall,18,10,18,0.115726,0.222866,0.441813,0,0,
1,177,Overall,Overall,19,6,19,-1.293099,-0.8827,0.448556,-1,0,
1,178,Overall,Overall,18,7,18,-0.374939,-0.559084,0.445705,-1,0,
1,179,Overall,Overall,18,8,18,-0.010262,-0.427375,0.44452,0,0,
1,180,Overall,Overall,18,9,18,-0.094737,-0.167841,0.440855,0,0,
1,181,Overall,Overall,18,10,18,0.035346,0.334364,0.440808,0,0,
1,182,Overall,Overall,18,8,18,0.067851,-0.306477,0.442676,0,0,
1,183,Overall,Overall,18,10,18,0.31973,0.334364,0.440808,0,0,
1,184,Overall,Overall,18,8,18,-0.479079,-0.442049,0.443487,0,0,
1,185,Overall,Overall,18,7,18,-0.776029,-0.640154,0.447187,-1,0,
1,186,Overall,Overall,22,6,22,-1.454719,-1.167477,0.443502,-1,0,
1,187,Overall,Overall,25,5,25,-1.904848,-1.782765,0.44566,-2,0,
1,188,Overall,Overall,19,7,19,-0.617542,-0.890431,0.446938,-1,0,
1,189,Overall,Overall,20,14,20,1.085634,1.252541,0.447809,1,0,
1,190,Overall,Overall,18,11,18,0.465641,0.758655,0.448823,1,0,
1,191,Overall,Overall,19,13,19,0.632159,0.837783,0.445639,1,0,
1,192,Overall,Overall,18,7,18,-0.746072,-0.551064,0.446288,-1,0,
1,193,Overall,Overall,18,8,18,-1.350524,-0.292955,0.441014,0,0,
1,194,Overall,Overall,23,6,23,-1.441113,-1.2869,0.439267,-1,0,
1,195,Overall,Overall,23,6,23,-1.675065,-1.394898,0.445005,-1,0,
1,196,Overall,Overall,22,16,22,1.404915,1.585727,0.439431,2,0,
1,197,Overall,Overall,22,6,22,-1.470447,-1.209891,0.445682,-1,0,
1,198,Overall,Overall,19,13,19,0.691894,0.837783,0.445639,1,0,
1,199,Overall,Overall,17,9,17,0.709917,0.211029,0.449949,0,0,
1,200,Overall,Overall,18,8,18,-0.53021,-0.292955,0.441014,0,0,
1,201,Overall,Overall,19,12,19,0.893462,0.877393,0.446957,1,0,
1,202,Overall,Overall,18,8,18,-0.909307,-0.362393,0.441794,0,0,
1,203,Overall,Overall,19,7,19,-0.820209,-0.789499,0.44326,-1,0,
1,204,Overall,Overall,18,7,18,-0.572102,-0.379319,0.446948,0,0,
1,205,Overall,Overall,21,6,21,-0.561475,-1.167408,0.444378,-1,0,
1,206,Overall,Overall,18,9,18,-0.404848,-0.038128,0.440121,0,0,
1,207,Overall,Overall,23,18,23,2.233114,1.752297,0.44943,2,0,
1,208,Overall,Overall,30,27,30,1.80229,2.390491,0.456133,2,0,
1,209,Overall,Overall,18,11,18,1.573796,0.758655,0.448823,1,0,
1,210,Overall,Overall,20,14,20,1.526837,1.164925,0.446179,1,0,
1,211,Overall,Overall,18,7,18,-1.564927,-0.626395,0.448206,-1,0,
1,212,Overall,Overall,18,11,18,0.754358,0.660081,0.446903,1,0,
1,213,Overall,Overall,18,9,18,-0.394109,0.15794,0.442908,0,0,
1,214,Overall,Overall,18,9,18,-0.522498,-0.042763,0.440127,0,0,
1,215,Overall,Overall,18,10,18,0.378593,0.222866,0.441813,0,0,
1,216,Overall,Overall,19,7,19,-1.452886,-0.589929,0.443448,-1,0,
1,217,Overall,Overall,19,13,19,0.517627,0.923416,0.44677,1,0,
1,218,Overall,Overall,18,11,18,1.121017,0.758655,0.448823,1,0,
1,219,Overall,Overall,17,9,17,-0.520179,0.152793,0.449939,0,0,
1,220,Overall,Overall,18,9,18,-0.65948,-0.099181,0.439871,0,0,
1,221,Overall,Overall,20,14,20,0.829365,1.040803,0.444682,1,0,
1,222,Overall,Overall,17,9,17,0.12495,0.211029,0.449949,0,0,
1,223,Overall,Overall,18,9,18,0.076331,0.224953,0.441899,0,0,
1,224,Overall,Overall,18,7,18,-0.285019,-0.626395,0.448206,-1,0,
1,225,Overall,Overall,18,7,18,-0.768271,-0.559084,0.445705,-1,0,
1,226,Overall,Overall,18,10,18,-0.18223,0.156061,0.441708,0,0,
1,227,Overall,Overall,18,9,18,0.211918,0.018315,0.440003,0,0,
1,228,Overall,Overall,20,6,20,0.063106,-1.125987,0.449573,-1,0,
1,229,Overall,Overall,18,7,18,-0.835711,-0.626395,0.448206,-1,0,
1,230,Overall,Overall,22,16,22,1.563321,1.218008,0.43882,1,0,
1,231,Overall,Overall,27,23,27,2.856255,2.132749,0.444722,2,0,
1,232,Overall,Overall,18,9,18,0.904286,0.361045,0.444859,0,0,
1,233,Overall,Overall,30,3,30,-2.348901,-2.351666,0.459797,-2,0,
1,234,Overall,Overall,18,8,18,0.178183,-0.362393,0.441794,0,0,
1,235,Overall,Overall,18,9,18,-0.347606,0.224953,0.441899,0,0,
1,236,Overall,Overall,19,13,19,0.388083,0.837783,0.445639,1,0,
1,237,Overall,Overall,24,6,24,-1.254388,-1.411623,0.436105,-1,0,
1,238,Overall,Overall,18,8,18,0.260885,-0.353852,0.442387,0,0,
1,239,Overall,Overall,17,9,17,-0.066616,0.211029,0.449949,0,0,
1,240,Overall,Overall,19,12,19,1.040469,0.80442,0.442305,1,0,
1,241,Overall,Overall,18,11,18,0.488445,0.419775,0.446187,0,0,
1,242,Overall,Overall,18,9,18,-0.141419,0.074132,0.440332,0,0,
1,243,Overall,Overall,18,8,18,-0.491172,-0.120331,0.442118,0,0,
1,244,Overall,Overall,18,8,18,-1.33647,-0.442049,0.443487,0,0,
1,245,Overall,Overall,18,9,18,-0.030091,-0.093445,0.440227,0,0,
1,246,Overall,Overall,27,4,27,-1.608226,-1.694612,0.456886,-2,0,
1,247,Overall,Overall,18,10,18,0.276058,0.334364,0.440808,0,0,
1,248,Overall,Overall,17,9,17,0.530221,0.211029,0.449949,0,0,
1,249,Overall,Overall,22,6,22,-1.164182,-1.167477,0.443502,-1,0,
1,250,Overall,Overall,18,9,18,-0.135877,-0.038128,0.440121,0,0,
1,251,Overall,Overall,20,6,20,-0.682535,-1.136639,0.448609,-1,0,
1,252,Overall,Overall,18,10,18,0.549926,0.222866,0.441813,0,0,
1,253,Overall,Overall,18,8,18,-0.293321,-0.181816,0.442386,0,0,
1,254,Overall,Overall,18,8,18,0.335081,-0.292955,0.441014,0,0,
1,255,Overall,Overall,20,14,20,1.472703,1.29261,0.448612,1,0,
1,256,Overall,Overall,18,7,18,-0.098946,-0.559084,0.445705,-1,0,
1,257,Overall,Overall,18,8,18,-1.455716,-0.366152,0.446808,0,0,
1,258,Overall,Overall,18,10,18,0.308948,0.334364,0.440808,0,0,
1,259,Overall,Overall,20,7,20,-0.957974,-0.939208,0.440492,-1,0,
1,260,Overall,Overall,18,8,18,-0.701996,-0.292955,0.441014,0,0,
1,261,Overall,Overall,20,13,20,-0.074255,0.997542,0.440198,1,0,
1,262,Overall,Overall,18,9,18,-0.070142,-0.167841,0.440855,0,0,
1,263,Overall,Overall,22,6,22,-2.182591,-1.167477,0.443502,-1,0,
1,264,Overall,Overall,20,7,20,-1.262907,-0.927682,0.441492,-1,0,
1,265,Overall,Overall,20,6,20,-1.733219,-1.136639,0.448609,-1,0,
1,266,Overall,Overall,18,8,18,-0.7527,-0.353852,0.442387,0,0,
1,267,Overall,Overall,18,11,18,0.604719,0.660081,0.446903,1,0,
1,268,Overall,Overall,25,5,25,-2.175415,-1.782765,0.44566,-2,0,
1,269,Overall,Overall,23,6,23,-1.312304,-1.394898,0.445005,-1,0,
1,270,Overall,Overall,18,10,18,-0.594664,0.156061,0.441708,0,0,
1,271,Overall,Overall,20,13,20,1.275415,1.094457,0.442095,1,0,
1,272,Overall,Overall,17,9,17,-0.530703,0.152793,0.449939,0,0,
1,273,Overall,Overall,17,9,17,0.546716,0.211029,0.449949,0,0,
1,274,Overall,Overall,24,6,24,-1.959815,-1.523924,0.441228,-2,0,
1,275,Overall,Overall,18,10,18,-0.670855,0.222866,0.441813,0,0,
1,276,Overall,Overall,18,7,18,-0.47988,-0.559084,0.445705,-1,0,
1,277,Overall,Overall,19,7,19,-1.023356,-0.789499,0.44326,-1,0,
1,278,Overall,Overall,18,11,18,0.776284,0.47488,0.445254,0,0,
1,279,Overall,Overall,25,5,25,-1.207432,-1.782765,0.44566,-2,0,
1,280,Overall,Overall,20,7,20,-1.380978,-0.927682,0.441492,-1,0,
1,281,Overall,Overall,22,6,22,-1.593416,-1.209891,0.445682,-1,0,
1,282,Overall,Overall,18,9,18,-0.582953,0.224953,0.441899,0,0,
1,283,Overall,Overall,18,8,18,-0.404009,-0.362393,0.441794,0,0,
1,284,Overall,Overall,18,8,18,0.061467,-0.181816,0.442386,0,0,
1,285,Overall,Overall,18,9,18,-0.682859,-0.167841,0.440855,0,0,
1,286,Overall,Overall,18,10,18,0.273887,0.334364,0.440808,0,0,
1,287,Overall,Overall,18,9,18,0.342339,0.074132,0.440332,0,0,
1,288,Overall,Overall,19,7,19,-1.067128,-0.721567,0.447029,-1,0,
1,289,Overall,Overall,18,8,18,-1.000665,-0.442049,0.443487,0,0,
1,290,Overall,Overall,18,9,18,0.263825,-0.099181,0.439871,0,0,
1,291,Overall,Overall,23,6,23,-0.71725,-1.394898,0.445005,-1,0,
1,292,Overall,Overall,18,9,18,0.028806,-0.093445,0.440227,0,0,
1,293,Overall,Overall,28,4,28,-2.107607,-2.10255,0.446916,-2,0,
1,294,Overall,Overall,18,10,18,0.914848,0.334364,0.440808,0,0,
1,295,Overall,Overall,19,13,19,0.630798,0.923416,0.44677,1,0,
1,296,Overall,Overall,19,12,19,0.903135,0.727416,0.439167,1,0,
1,297,Overall,Overall,22,6,22,-0.64664,-1.167477,0.443502,-1,0,
1,298,Overall,Overall,27,23,27,2.082114,2.132749,0.444722,2,0,
1,299,Overall,Overall,18,7,18,0.105214,-0.640154,0.447187,-1,0,
1,300,Overall,Overall,21,6,21,-1.009583,-1.040965,0.447658,-1,0,
1,301,Overall,Overall,19,13,19,0.150628,1.020148,0.44849,1,0,
1,302,Overall,Overall,18,11,18,0.367667,0.47488,0.445254,0,0,
1,303,Overall,Overall,25,6,25,-1.585421,-1.588992,0.435126,-2,0,
1,304,Overall,Overall,18,10,18,-0.098645,0.343291,0.443369,0,0,
1,305,Overall,Overall,19,7,19,-0.285974,-0.789499,0.44326,-1,0,
1,306,Overall,Overall,18,11,18,0.384153,0.530196,0.444757,1,0,
1,307,Overall,Overall,18,8,18,-0.579049,-0.362393,0.441794,0,0,
1,308,Overall,Overall,28,4,28,-2.582479,-2.10255,0.446916,-2,0,
1,309,Overall,Overall,18,9,18,-0.171844,0.012062,0.440872,0,0,
1,310,Overall,Overall,18,9,18,0.291617,-0.042763,0.440127,0,0,
1,311,Overall,Overall,18,7,18,-1.839106,-0.640154,0.447187,-1,0,
1,312,Overall,Overall,18,10,18,1.241615,0.334364,0.440808,0,0,
1,313,Overall,Overall,18,7,18,-1.257221,-0.626395,0.448206,-1,0,
1,314,Overall,Overall,18,10,18,0.364188,0.222866,0.441813,0,0,
1,315,Overall,Overall,18,9,18,-0.543232,-0.167841,0.440855,0,0,
1,316,Overall,Overall,20,7,20,-1.083716,-0.623847,0.440535,-1,0,
1,317,Overall,Overall,18,10,18,0.759592,0.094883,0.441676,0,0,
1,318,Overall,Overall,20,6,20,-0.535386,-1.008953,0.447315,-1,0,
1,319,Overall,Overall,19,12,19,0.668473,0.642887,0.437814,1,0,
1,320,Overall,Overall,27,24,27,2.09194,1.723034,0.480305,2,0,
1,321,Overall,Overall,19,13,19,0.315532,0.837783,0.445639,1,0,
1,322,Overall,Overall,20,6,20,-1.027187,-1.125987,0.449573,-1,0,
1,323,Overall,Overall,24,19,24,1.484674,1.818284,0.443533,2,0,
1,324,Overall,Overall,23,18,23,1.620944,1.752297,0.44943,2,0,
1,325,Overall,Overall,27,4,27,-2.566534,-1.694612,0.456886,-2,0,
1,326,Overall,Overall,19,12,19,-0.309935,0.80442,0.442305,1,0,
1,327,Overall,Overall,18,8,18,-0.267289,-0.292955,0.441014,0,0,
1,328,Overall,Overall,23,17,23,2.10962,1.554862,0.43965,2,0,
1,329,Overall,Overall,18,7,18,-0.613886,-0.640154,0.447187,-1,0,
1,330,Overall,Overall,18,9,18,-0.117758,0.028487,0.440445,0,0,
1,331,Overall,Overall,18,9,18,-0.041663,0.319122,0.444452,0,0,
1,332,Overall,Overall,18,8,18,0.143909,0.120844,0.44661,0,0,
1,333,Overall,Overall,19,13,19,0.440911,1.020148,0.44849,1,0,
1,334,Overall,Overall,17,9,17,-0.53036,0.211029,0.449949,0,0,
1,335,Overall,Overall,21,6,21,-0.845969,-1.153638,0.445639,-1,0,
1,336,Overall,Overall,18,8,18,-0.178679,-0.306477,0.442676,0,0,
1,337,Overall,Overall,18,9,18,-0.601831,-0.099181,0.439871,0,0,
1,338,Overall,Overall,19,12,19,0.310303,0.782352,0.44369,1,0,
1,339,Overall,Overall,19,6,19,-0.810781,-0.8827,0.448556,-1,0,
1,340,Overall,Overall,18,10,18,0.362307,0.462176,0.443323,0,0,
1,341,Overall,Overall,18,11,18,0.723954,0.572321,0.445523,1,0,
1,342,Overall,Overall,18,8,18,-0.15741,-0.292955,0.441014,0,0,
1,343,Overall,Overall,18,11,18,1.30534,0.758655,0.448823,1,0,
1,344,Overall,Overall,18,8,18,0.195928,-0.251671,0.443986,0,0,
1,345,Overall,Overall,24,19,24,1.463835,1.354063,0.446017,1,0,
1,346,Overall,Overall,18,7,18,-0.575425,-0.640154,0.447187,-1,0,
1,347,Overall,Overall,18,8,18,-0.08629,-0.175764,0.441577,0,0,
1,348,Overall,Overall,28,4,28,-1.36309,-2.10255,0.446916,-2,0,
1,349,Overall,Overall,21,15,21,1.924206,1.361003,0.44166,1,0,
1,350,Overall,Overall,19,12,19,0.757928,0.877393,0.446957,1,0,
1,351,Overall,Overall,22,17,22,1.174438,1.324674,0.449978,1,0,
1,352,Overall,Overall,19,6,19,-0.910715,-0.8827,0.448556,-1,0,
1,353,Overall,Overall,18,8,18,-0.105108,-0.038836,0.444772,0,0,
1,354,Overall,Overall,22,6,22,-0.984459,-1.209891,0.445682,-1,0,
1,355,Overall,Overall,18,8,18,-0.222384,-0.362393,0.441794,0,0,
1,356,Overall,Overall,23,18,23,0.867176,1.431409,0.448513,1,0,
1,357,Overall,Overall,20,6,20,-0.589766,-1.125987,0.449573,-1,0,
1,358,Overall,Overall,19,8,19,0.233939,-0.239526,0.43912,0,0,
1,359,Overall,Overall,22,6,22,-0.754463,-1.209891,0.445682,-1,0,
1,360,Overall,Overall,18,7,18,-0.528672,-0.551064,0.446288,-1,0,
1,361,Overall,Overall,20,6,20,-1.229151,-1.136639,0.448609,-1,0,
1,362,Overall,Overall,21,15,21,1.679294,1.275567,0.447362,1,0,
1,363,Overall,Overall,18,9,18,0.913429,0.074132,0.440332,0,0,
1,364,Overall,Overall,23,18,23,1.175613,1.442984,0.44731,1,0,
1,365,Overall,Overall,18,7,18,-0.105186,-0.626395,0.448206,-1,0,
1,366,Overall,Overall,20,7,20,-0.97446,-0.927682,0.441492,-1,0,
1,367,Overall,Overall,18,10,18,1.185005,0.462176,0.443323,0,0,
1,368,Overall,Overall,18,8,18,-0.908507,-0.442049,0.443487,0,0,
1,369,Overall,Overall,26,22,26,1.791908,2.105648,0.447764,2,0,
1,370,Overall,Overall,18,10,18,-0.274539,0.420382,0.442737,0,0,
1,371,Overall,Overall,30,2,30,-3.082647,-2.573055,0.481923,-3,0,
1,372,Overall,Overall,18,11,18,-0.008757,0.660081,0.446903,1,0,
1,373,Overall,Overall,18,10,18,0.965284,0.420382,0.442737,0,0,
1,374,Overall,Overall,18,9,18,-0.018105,-0.042763,0.440127,0,0,
1,375,Overall,Overall,21,7,21,0.18732,-0.748696,0.435446,-1,0,
1,376,Overall,Overall,18,10,18,0.332215,0.558968,0.445391,1,0,
1,377,Overall,Overall,18,10,18,-0.051474,0.278705,0.441087,0,0,
1,378,Overall,Overall,18,10,18,0.295942,0.094883,0.441676,0,0,
1,379,Overall,Overall,19,12,19,0.995557,0.932596,0.447885,1,0,
1,380,Overall,Overall,18,10,18,0.246946,0.156061,0.441708,0,0,
1,381,Overall,Overall,18,11,18,0.445155,0.462262,0.447487,0,0,
1,382,Overall,Overall,20,6,20,-0.871701,-1.125987,0.449573,-1,0,
1,383,Overall,Overall,20,6,20,-1.220977,-1.125987,0.449573,-1,0,
1,384,Overall,Overall,18,9,18,0.613362,0.361045,0.444859,0,0,
1,385,Overall,Overall,18,9,18,0.537045,-0.099181,0.439871,0,0,
1,386,Overall,Overall,18,9,18,0.367816,-0.099181,0.439871,0,0,
1,387,Overall,Overall,19,12,19,0.767246,0.822524,0.441093,1,0,
1,388,Overall,Overall,30,3,30,-2.443742,-2.351666,0.459797,-2,0,
1,389,Overall,Overall,18,9,18,-0.090553,-0.099181,0.439871,0,0,
1,390,Overall,Overall,18,10,18,0.2966,0.462176,0.443323,0,0,
1,391,Overall,Overall,18,9,18,0.621541,0.361045,0.444859,0,0,
1,392,Overall,Overall,20,14,20,0.572272,0.987765,0.444875,1,0,
1,393,Overall,Overall,18,8,18,-0.510561,-0.120331,0.442118,0,0,
1,394,Overall,Overall,18,9,18,-0.002999,0.074132,0.440332,0,0,
1,395,Overall,Overall,18,9,18,0.240139,-0.099181,0.439871,0,0,
1,396,Overall,Overall,18,9,18,0.715384,0.319122,0.444452,0,0,
1,397,Overall,Overall,20,13,20,0.531166,0.83499,0.43749,1,0,
1,398,Overall,Overall,20,6,20,-1.645265,-1.136639,0.448609,-1,0,
1,399,Overall,Overall,20,13,20,1.0734,1.094457,0.442095,1,0,
1,400,Overall,Overall,20,14,20,1.205282,1.252541,0.447809,1,0,
1,401,Overall,Overall,18,9,18,0.996461,0.028487,0.440445,0,0,
1,402,Overall,Overall,19,13,19,0.347646,0.923416,0.44677,1,0,
1,403,Overall,Overall,22,6,22,-0.759737,-1.209891,0.445682,-1,0,
1,404,Overall,Overall,22,6,22,-0.754248,-1.209891,0.445682,-1,0,
1,405,Overall,Overall,18,9,18,0.094151,-0.099181,0.439871,0,0,
1,406,Overall,Overall,18,9,18,-0.441117,-0.099181,0.439871,0,0,
1,407,Overall,Overall,19,12,19,0.440602,0.642887,0.437814,1,0,
1,408,Overall,Overall,18,9,18,-0.118756,-0.167841,0.440855,0,0,
1,409,Overall,Overall,18,10,18,-0.744846,0.094883,0.441676,0,0,
1,410,Overall,Overall,19,13,19,0.561153,1.020148,0.44849,1,0,
1,411,Overall,Overall,18,10,18,0.327107,0.334364,0.440808,0,0,
1,412,Overall,Overall,18,9,18,0.249806,0.319122,0.444452,0,0,
1,413,Overall,Overall,30,27,30,2.552823,2.390491,0.456133,2,0,
1,414,Overall,Overall,20,14,20,0.999278,1.252541,0.447809,1,0,
1,415,Overall,Overall,18,7,18,-0.425318,-0.559084,0.445705,-1,0,
1,416,Overall,Overall,18,10,18,0.229439,0.535037,0.446836,1,0,
1,417,Overall,Overall,18,8,18,-1.433922,-0.442049,0.443487,0,0,
1,418,Overall,Overall,18,11,18,0.49143,0.660081,0.446903,1,0,
1,419,Overall,Overall,22,6,22,-1.159406,-1.167477,0.443502,-1,0,
1,420,Overall,Overall,19,6,19,-1.049187,-0.8827,0.448556,-1,0,
1,421,Overall,Overall,18,8,18,-0.301681,-0.292955,0.441014,0,0,
1,422,Overall,Overall,18,10,18,-0.126286,0.156061,0.441708,0,0,
1,423,Overall,Overall,20,6,20,-0.846453,-1.125987,0.449573,-1,0,
1,424,Overall,Overall,18,9,18,-0.20988,0.018315,0.440003,0,0,
1,425,Overall,Overall,17,9,17,-0.58588,0.152793,0.449939,0,0,
1,426,Overall,Overall,22,17,22,1.157652,1.78274,0.44872,2,0,
1,427,Overall,Overall,18,9,18,-0.439879,0.057749,0.441212,0,0,
1,428,Overall,Overall,21,15,21,1.711091,1.182552,0.44294,1,0,
1,429,Overall,Overall,18,9,18,0.00805,0.224953,0.441899,0,0,
1,430,Overall,Overall,25,5,25,-1.643725,-1.782765,0.44566,-2,0,
1,431,Overall,Overall,30,27,30,3.079903,2.390491,0.456133,2,0,
1,432,Overall,Overall,18,9,18,0.160825,-0.042763,0.440127,0,0,
1,433,Overall,Overall,21,15,21,2.332532,1.306431,0.449779,1,0,
1,434,Overall,Overall,18,11,18,0.450227,0.758655,0.448823,1,0,
1,435,Overall,Overall,18,8,18,-0.345174,-0.362393,0.441794,0,0,
1,436,Overall,Overall,18,9,18,0.152176,0.074132,0.440332,0,0,
1,437,Overall,Overall,20,7,20,-0.38278,-0.927682,0.441492,-1,0,
1,438,Overall,Overall,18,8,18,0.659361,-0.353852,0.442387,0,0,
1,439,Overall,Overall,18,7,18,-0.045331,-0.640154,0.447187,-1,0,
1,440,Overall,Overall,18,8,18,0.222655,-0.292955,0.441014,0,0,
1,441,Overall,Overall,18,8,18,-0.190372,-0.181816,0.442386,0,0,
1,442,Overall,Overall,23,5,23,-1.194829,-1.428952,0.448555,-1,0,
1,443,Overall,Overall,18,8,18,0.188936,-0.362393,0.441794,0,0,
1,444,Overall,Overall,19,13,19,1.072934,0.837783,0.445639,1,0,
1,445,Overall,Overall,17,9,17,-0.266408,0.211029,0.449949,0,0,
1,446,Overall,Overall,19,12,19,0.8473,0.629649,0.438754,1,0,
1,447,Overall,Overall,17,9,17,0.4398,0.211029,0.449949,0,0,
1,448,Overall,Overall,23,18,23,1.938229,1.701797,0.447364,2,0,
1,449,Overall,Overall,19,13,19,1.363788,0.923416,0.44677,1,0,
1,450,Overall,Overall,18,9,18,-1.352557,-0.099181,0.439871,0,0,
1,451,Overall,Overall,24,19,24,2.618334,1.818284,0.443533,2,0,
1,452,Overall,Overall,18,9,18,0.987927,0.224953,0.441899,0,0,
1,453,Overall,Overall,19,7,19,-0.921091,-0.789499,0.44326,-1,0,
1,454,Overall,Overall,18,9,18,-0.10328,0.074132,0.440332,0,0,
1,455,Overall,Overall,18,7,18,-0.071432,-0.559084,0.445705,-1,0,
1,456,Overall,Overall,20,13,20,0.957839,1.094457,0.442095,1,0,
1,457,Overall,Overall,23,6,23,-1.113293,-1.2869,0.439267,-1,0,
1,458,Overall,Overall,18,11,18,0.664185,0.758655,0.448823,1,0,
1,459,Overall,Overall,18,8,18,-0.101032,0.052149,0.447955,0,0,
1,460,Overall,Overall,18,8,18,0.0551,-0.362393,0.441794,0,0,
1,461,Overall,Overall,25,5,25,-2.03744,-1.782765,0.44566,-2,0,
1,462,Overall,Overall,18,8,18,-0.084599,-0.362393,0.441794,0,0,
1,463,Overall,Overall,19,12,19,0.665971,0.561951,0.439944,1,0,
1,464,Overall,Overall,18,10,18,-0.04293,0.156061,0.441708,0,0,
1,465,Overall,Overall,18,8,18,-0.180163,-0.181816,0.442386,0,0,
1,466,Overall,Overall,18,11,18,-0.353249,0.530196,0.444757,1,0,
1,467,Overall,Overall,18,9,18,0.012597,-0.167841,0.440855,0,0,
1,468,Overall,Overall,20,6,20,-1.246241,-1.136639,0.448609,-1,0,
1,469,Overall,Overall,20,13,20,0.384169,0.969603,0.438169,1,0,
1,470,Overall,Overall,30,2,30,-2.209305,-2.573055,0.481923,-3,0,
1,471,Overall,Overall,18,11,18,1.430342,0.758655,0.448823,1,0,
1,472,Overall,Overall,23,17,23,1.649781,1.506346,0.437253,2,0,
1,473,Overall,Overall,25,6,25,-1.752881,-1.588992,0.435126,-2,0,
1,474,Overall,Overall,21,15,21,1.241734,1.238038,0.446325,1,0,
1,475,Overall,Overall,23,5,23,-1.041828,-1.427859,0.448661,-1,0,
1,476,Overall,Overall,18,8,18,-0.365799,-0.285795,0.444506,0,0,
1,477,Overall,Overall,21,6,21,-0.957676,-1.040965,0.447658,-1,0,
1,478,Overall,Overall,23,18,23,0.778636,1.752297,0.44943,2,0,
1,479,Overall,Overall,19,12,19,0.425859,0.932596,0.447885,1,0,
1,480,Overall,Overall,18,11,18,0.672612,0.758655,0.448823,1,0,
1,481,Overall,Overall,17,9,17,-0.274647,0.211029,0.449949,0,0,
1,482,Overall,Overall,18,10,18,-0.070184,0.420382,0.442737,0,0,
1,483,Overall,Overall,20,14,20,0.362125,1.164925,0.446179,1,0,
1,484,Overall,Overall,18,11,18,0.263536,0.758655,0.448823,1,0,
1,485,Overall,Overall,18,9,18,-0.501573,-0.099181,0.439871,0,0,
1,486,Overall,Overall,21,6,21,-0.240939,-0.941766,0.443808,-1,0,
1,487,Overall,Overall,18,9,18,0.157725,-0.038128,0.440121,0,0,
1,488,Overall,Overall,19,12,19,0.643281,0.727416,0.439167,1,0,
1,489,Overall,Overall,19,7,19,-0.57938,-0.589929,0.443448,-1,0,
1,490,Overall,Overall,18,9,18,0.014993,0.319122,0.444452,0,0,
1,491,Overall,Overall,20,14,20,1.314908,1.070897,0.445271,1,0,
1,492,Overall,Overall,19,12,19,0.654681,0.642887,0.437814,1,0,
1,493,Overall,Overall,19,12,19,0.635513,0.642158,0.437867,1,0,
1,494,Overall,Overall,23,18,23,1.878517,1.752297,0.44943,2,0,
1,495,Overall,Overall,18,10,18,0.366735,0.156061,0.441708,0,0,
1,496,Overall,Overall,20,6,20,-0.978428,-1.125987,0.449573,-1,0,
1,497,Overall,Overall,30,2,30,-3.12325,-2.573055,0.481923,-3,0,
1,498,Overall,Overall,18,9,18,-0.006447,-0.038128,0.440121,0,0,
1,499,Overall,Overall,19,13,19,0.817058,0.923416,0.44677,1,0,
1,500,Overall,Overall,20,6,20,-0.683745,-1.125987,0.449573,-1,0,
1,501,Overall,Overall,19,6,19,-1.305239,-0.8827,0.448556,-1,0,
1,502,Overall,Overall,18,7,18,-0.921418,-0.640154,0.447187,-1,0,
1,503,Overall,Overall,21,6,21,-1.122188,-1.167408,0.444378,-1,0,
1,504,Overall,Overall,18,8,18,-0.927388,0.09805,0.447726,0,0,
1,505,Overall,Overall,22,6,22,-0.676584,-1.209891,0.445682,-1,0,
1,506,Overall,Overall,18,8,18,-0.481716,-0.306477,0.442676,0,0,
1,507,Overall,Overall,24,5,24,-1.690964,-1.60644,0.447084,-2,0,
1,508,Overall,Overall,18,8,18,0.260482,-0.292955,0.441014,0,0,
1,509,Overall,Overall,19,12,19,1.202254,0.932596,0.447885,1,0,
1,510,Overall,Overall,18,7,18,-0.032054,-0.379319,0.446948,0,0,
1,511,Overall,Overall,18,10,18,0.784248,0.420382,0.442737,0,0,
1,512,Overall,Overall,18,11,18,0.133987,0.419775,0.446187,0,0,
1,513,Overall,Overall,18,10,18,0.263185,0.094883,0.441676,0,0,
1,514,Overall,Overall,20,13,20,1.62849,1.055237,0.440995,1,0,
1,515,Overall,Overall,18,9,18,0.215197,-0.167841,0.440855,0,0,
1,516,Overall,Overall,18,8,18,-0.753146,-0.442049,0.443487,0,0,
1,517,Overall,Overall,18,9,18,-0.5507,-0.099181,0.439871,0,0,
1,518,Overall,Overall,20,14,20,0.051862,1.070897,0.445271,1,0,
1,519,Overall,Overall,18,8,18,-0.430581,-0.362393,0.441794,0,0,
1,520,Overall,Overall,18,9,18,-0.408792,-0.042763,0.440127,0,0,
1,521,Overall,Overall,23,17,23,2.18727,1.554862,0.43965,2,0,
1,522,Overall,Overall,28,5,28,-1.933997,-1.909339,0.432651,-2,0,
1,523,Overall,Overall,17,9,17,-0.062589,0.152793,0.449939,0,0,
1,524,Overall,Overall,18,7,18,-0.619411,-0.640154,0.447187,-1,0,
1,525,Overall,Overall,18,11,18,0.927193,0.758655,0.448823,1,0,
1,526,Overall,Overall,18,7,18,-0.822582,-0.640154,0.447187,-1,0,
1,527,Overall,Overall,18,9,18,-0.154456,-0.167841,0.440855,0,0,
1,528,Overall,Overall,24,6,24,-2.564707,-1.523924,0.441228,-2,0,
1,529,Overall,Overall,18,9,18,-0.709981,0.012984,0.440826,0,0,
1,530,Overall,Overall,21,15,21,1.103095,1.460342,0.444143,1,0,
1,531,Overall,Overall,18,9,18,0.534462,-0.014636,0.440951,0,0,
1,532,Overall,Overall,18,10,18,0.037485,0.496092,0.446443,0,0,
1,533,Overall,Overall,19,13,19,0.533165,1.003122,0.449699,1,0,
1,534,Overall,Overall,18,9,18,0.112885,0.028487,0.440445,0,0,
1,535,Overall,Overall,20,13,20,1.174779,0.846883,0.436502,1,0,
1,536,Overall,Overall,18,10,18,-0.251731,0.222866,0.441813,0,0,
1,537,Overall,Overall,19,13,19,0.279015,0.813241,0.44711,1,0,
1,538,Overall,Overall,18,8,18,0.340648,-0.292955,0.441014,0,0,
1,539,Overall,Overall,18,7,18,-0.191425,-0.559084,0.445705,-1,0,
1,540,Overall,Overall,20,14,20,1.727438,1.252541,0.447809,1,0,
1,541,Overall,Overall,18,11,18,0.637946,0.558167,0.44655,1,0,
1,542,Overall,Overall,19,12,19,0.391105,0.822524,0.441093,1,0,
1,543,Overall,Overall,18,10,18,0.320315,0.334364,0.440808,0,0,
1,544,Overall,Overall,18,8,18,-0.356809,-0.181816,0.442386,0,0,
1,545,Overall,Overall,18,11,18,1.093176,0.530196,0.444757,1,0,
1,546,Overall,Overall,23,17,23,0.963678,1.506346,0.437253,2,0,
1,547,Overall,Overall,17,9,17,0.014656,0.152793,0.449939,0,0,
1,548,Overall,Overall,18,11,18,0.751631,0.572321,0.445523,1,0,
1,549,Overall,Overall,18,8,18,-0.184868,-0.120331,0.442118,0,0,
1,550,Overall,Overall,18,11,18,0.997998,0.572321,0.445523,1,0,
1,551,Overall,Overall,19,12,19,0.634933,0.849213,0.448842,1,0,
1,552,Overall,Overall,18,11,18,1.333645,0.758655,0.448823,1,0,
1,553,Overall,Overall,18,10,18,0.625898,0.462176,0.443323,0,0,
1,554,Overall,Overall,18,8,18,0.057029,-0.362393,0.441794,0,0,
1,555,Overall,Overall,18,8,18,0.308834,-0.306477,0.442676,0,0,
1,556,Overall,Overall,18,9,18,0.299225,0.319122,0.444452,0,0,
1,557,Overall,Overall,28,4,28,-2.115362,-2.10255,0.446916,-2,0,
1,558,Overall,Overall,19,12,19,0.333343,0.80442,0.442305,1,0,
1,559,Overall,Overall,18,10,18,0.362798,0.420382,0.442737,0,0,
1,560,Overall,Overall,19,11,19,0.39298,0.587721,0.439097,1,0,
1,561,Overall,Overall,18,8,18,-0.501842,-0.292955,0.441014,0,0,
1,562,Overall,Overall,18,9,18,-0.428531,-0.099181,0.439871,0,0,
1,563,Overall,Overall,18,10,18,0.163647,0.558968,0.445391,1,0,
1,564,Overall,Overall,18,9,18,0.461347,0.074132,0.440332,0,0,
1,565,Overall,Overall,18,10,18,0.222243,0.222866,0.441813,0,0,
1,566,Overall,Overall,30,3,30,-2.285992,-2.351666,0.459797,-2,0,
1,567,Overall,Overall,19,13,19,1.179865,0.923416,0.44677,1,0,
1,568,Overall,Overall,19,6,19,-0.893632,-0.866102,0.449869,-1,0,
1,569,Overall,Overall,18,10,18,0.302358,0.462176,0.443323,0,0,
1,570,Overall,Overall,18,11,18,-0.201513,0.572321,0.445523,1,0,
1,571,Overall,Overall,18,7,18,-0.001299,-0.640154,0.447187,-1,0,
1,572,Overall,Overall,24,19,24,1.666034,1.818284,0.443533,2,0,
1,573,Overall,Overall,18,11,18,0.804286,0.572321,0.445523,1,0,
1,574,Overall,Overall,17,9,17,1.146729,0.211029,0.449949,0,0,
1,575,Overall,Overall,20,7,20,-1.087021,-0.939208,0.440492,-1,0,
1,576,Overall,Overall,18,10,18,0.944988,0.334364,0.440808,0,0,
1,577,Overall,Overall,23,18,23,1.837755,1.752297,0.44943,2,0,
1,578,Overall,Overall,19,7,19,-0.670172,-0.789499,0.44326,-1,0,
1,579,Overall,Overall,21,6,21,-1.047534,-0.992918,0.445777,-1,0,
1,580,Overall,Overall,20,14,20,1.110338,1.29261,0.448612,1,0,
1,581,Overall,Overall,18,9,18,0.022085,-0.099181,0.439871,0,0,
1,582,Overall,Overall,25,5,25,-1.418535,-1.782765,0.44566,-2,0,
1,583,Overall,Overall,18,8,18,0.151598,-0.362393,0.441794,0,0,
1,584,Overall,Overall,18,9,18,0.655811,0.078105,0.44037,0,0,
1,585,Overall,Overall,18,8,18,-0.846865,-0.292955,0.441014,0,0,
1,586,Overall,Overall,18,9,18,-0.011963,0.012062,0.440872,0,0,
1,587,Overall,Overall,18,8,18,-0.29549,-0.292955,0.441014,0,0,
1,588,Overall,Overall,25,5,25,-2.399074,-1.782765,0.44566,-2,0,
1,589,Overall,Overall,18,9,18,1.056557,-0.099181,0.439871,0,0,
1,590,Overall,Overall,25,5,25,-2.307252,-1.782765,0.44566,-2,0,
1,591,Overall,Overall,19,7,19,-0.647925,-0.873473,0.448371,-1,0,
1,592,Overall,Overall,19,13,19,1.663807,1.003122,0.449699,1,0,
1,593,Overall,Overall,19,12,19,1.201838,0.932596,0.447885,1,0,
1,594,Overall,Overall,30,3,30,-1.395554,-2.351666,0.459797,-2,0,
1,595,Overall,Overall,22,16,22,0.721384,1.585727,0.439431,2,0,
1,596,Overall,Overall,18,9,18,0.544872,0.224953,0.441899,0,0,
1,597,Overall,Overall,18,11,18,0.402275,0.530196,0.444757,1,0,
1,598,Overall,Overall,18,9,18,0.063656,0.012984,0.440826,0,0,
1,599,Overall,Overall,21,15,21,1.045297,1.182552,0.44294,1,0,
1,600,Overall,Overall,20,6,20,-0.958979,-1.008953,0.447315,-1,0,
1,601,Overall,Overall,18,7,18,-0.788869,-0.640154,0.447187,-1,0,
1,602,Overall,Overall,19,13,19,0.554687,0.837783,0.445639,1,0,
1,603,Overall,Overall,19,7,19,-0.201888,-0.789499,0.44326,-1,0,
1,604,Overall,Overall,18,10,18,1.84035,0.151431,0.441716,0,0,
1,605,Overall,Overall,21,6,21,-1.396273,-1.040965,0.447658,-1,0,
1,606,Overall,Overall,18,8,18,-0.957896,-0.292955,0.441014,0,0,
1,607,Overall,Overall,19,6,19,-0.735571,-0.8827,0.448556,-1,0,
1,608,Overall,Overall,18,9,18,-0.146909,0.028487,0.440445,0,0,
1,609,Overall,Overall,18,11,18,0.930265,0.558167,0.44655,1,0,
1,610,Overall,Overall,18,7,18,-0.29214,-0.640154,0.447187,-1,0,
1,611,Overall,Overall,21,7,21,-0.744002,-0.748696,0.435446,-1,0,
1,612,Overall,Overall,19,13,19,0.119278,0.837783,0.445639,1,0,
1,613,Overall,Overall,18,8,18,-0.199747,-0.362393,0.441794,0,0,
1,614,Overall,Overall,18,11,18,0.66685,0.758655,0.448823,1,0,
1,615,Overall,Overall,18,7,18,-1.49265,-0.640154,0.447187,-1,0,
1,616,Overall,Overall,18,9,18,-0.752542,0.074132,0.440332,0,0,
1,617,Overall,Overall,30,2,30,-2.046955,-2.573055,0.481923,-3,0,
1,618,Overall,Overall,18,11,18,0.816794,0.530196,0.444757,1,0,
1,619,Overall,Overall,19,13,19,-0.161753,0.837783,0.445639,1,0,
1,620,Overall,Overall,18,10,18,0.453336,0.462176,0.443323,0,0,
1,621,Overall,Overall,18,11,18,1.135681,0.758655,0.448823,1,0,
1,622,Overall,Overall,18,7,18,-0.316739,-0.559084,0.445705,-1,0,
1,623,Overall,Overall,18,8,18,-0.469145,-0.362393,0.441794,0,0,
1,624,Overall,Overall,19,12,19,1.487754,0.642887,0.437814,1,0,
1,625,Overall,Overall,18,8,18,-0.501233,-0.362393,0.441794,0,0,
1,626,Overall,Overall,22,16,22,2.604569,1.585727,0.439431,2,0,
1,627,Overall,Overall,18,10,18,0.526795,0.222866,0.441813,0,0,
1,628,Overall,Overall,19,12,19,0.562165,0.932596,0.447885,1,0,
1,629,Overall,Overall,25,6,25,-1.901136,-1.588992,0.435126,-2,0,
1,630,Overall,Overall,18,10,18,0.111111,0.222866,0.441813,0,0,
1,631,Overall,Overall,19,8,19,-0.692427,-0.395784,0.438247,0,0,
1,632,Overall,Overall,24,5,24,-1.665842,-1.433761,0.447613,-1,0,
1,633,Overall,Overall,18,9,18,0.429291,0.224953,0.441899,0,0,
1,634,Overall,Overall,18,11,18,0.801918,0.660081,0.446903,1,0,
1,635,Overall,Overall,19,13,19,0.51538,1.003122,0.449699,1,0,
1,636,Overall,Overall,18,7,18,-0.359696,-0.626395,0.448206,-1,0,
1,637,Overall,Overall,23,17,23,1.516421,1.554862,0.43965,2,0,
1,638,Overall,Overall,18,7,18,-0.611562,-0.640154,0.447187,-1,0,
1,639,Overall,Overall,18,8,18,-0.317933,-0.181816,0.442386,0,0,
1,640,Overall,Overall,18,10,18,0.979969,0.558968,0.445391,1,0,
1,641,Overall,Overall,25,6,25,-1.841087,-1.588992,0.435126,-2,0,
1,642,Overall,Overall,18,10,18,0.152669,0.516784,0.445216,1,0,
1,643,Overall,Overall,18,10,18,-0.758295,0.222866,0.441813,0,0,
1,644,Overall,Overall,18,7,18,-0.574058,-0.626395,0.448206,-1,0,
1,645,Overall,Overall,19,13,19,0.54664,0.734887,0.447923,1,0,
1,646,Overall,Overall,18,7,18,-0.649426,-0.640154,0.447187,-1,0,
1,647,Overall,Overall,19,6,19,-1.426916,-0.8827,0.448556,-1,0,
1,648,Overall,Overall,21,15,21,1.849954,1.29946,0.448372,1,0,
1,649,Overall,Overall,18,8,18,-0.406362,-0.292955,0.441014,0,0,
1,650,Overall,Overall,25,20,25,2.040113,1.867099,0.438555,2,0,
1,651,Overall,Overall,20,7,20,-1.319827,-0.623847,0.440535,-1,0,
1,652,Overall,Overall,19,12,19,0.841345,0.538146,0.439701,1,0,
1,653,Overall,Overall,22,6,22,-0.505134,-1.202287,0.439981,-1,0,
1,654,Overall,Overall,18,8,18,0.256369,-0.362393,0.441794,0,0,
1,655,Overall,Overall,18,10,18,-0.537576,0.222866,0.441813,0,0,
1,656,Overall,Overall,20,7,20,-0.42557,-0.939208,0.440492,-1,0,
1,657,Overall,Overall,17,9,17,0.260565,0.211029,0.449949,0,0,
1,658,Overall,Overall,18,10,18,0.411548,0.334364,0.440808,0,0,
1,659,Overall,Overall,18,7,18,-0.420386,-0.602158,0.449968,-1,0,
1,660,Overall,Overall,18,8,18,-1.11887,-0.292955,0.441014,0,0,
1,661,Overall,Overall,20,7,20,-0.449435,-0.939208,0.440492,-1,0,
1,662,Overall,Overall,18,8,18,-0.14942,-0.362393,0.441794,0,0,
1,663,Overall,Overall,30,28,30,2.876303,2.608449,0.47827,3,0,
1,664,Overall,Overall,18,10,18,0.677585,0.334364,0.440808,0,0,
1,665,Overall,Overall,20,6,20,-0.865312,-1.136639,0.448609,-1,0,
1,666,Overall,Overall,23,5,23,-2.257725,-1.428952,0.448555,-1,0,
1,667,Overall,Overall,19,7,19,-0.775335,-0.789499,0.44326,-1,0,
1,668,Overall,Overall,18,9,18,0.693708,0.361045,0.444859,0,0,
1,669,Overall,Overall,18,7,18,-1.107009,-0.626395,0.448206,-1,0,
1,670,Overall,Overall,21,6,21,-1.119014,-1.040965,0.447658,-1,0,
1,671,Overall,Overall,18,9,18,0.083622,0.335846,0.446254,0,0,
1,672,Overall,Overall,18,8,18,-0.12276,-0.292955,0.441014,0,0,
1,673,Overall,Overall,18,8,18,0.171349,-0.362393,0.441794,0,0,
1,674,Overall,Overall,19,13,19,1.003808,0.837783,0.445639,1,0,
1,675,Overall,Overall,20,14,20,1.825645,1.130174,0.44883,1,0,
1,676,Overall,Overall,18,10,18,-0.614471,0.420382,0.442737,0,0,
1,677,Overall,Overall,18,11,18,0.990217,0.660081,0.446903,1,0,
1,678,Overall,Overall,18,9,18,0.277353,0.224953,0.441899,0,0,
1,679,Overall,Overall,18,9,18,0.48966,0.074132,0.440332,0,0,
1,680,Overall,Overall,19,13,19,0.773818,0.780794,0.446984,1,0,
1,681,Overall,Overall,23,5,23,-1.722244,-1.428952,0.448555,-1,0,
1,682,Overall,Overall,18,8,18,-0.407968,-0.362393,0.441794,0,0,
1,683,Overall,Overall,18,9,18,-0.981579,0.012984,0.440826,0,0,
1,684,Overall,Overall,18,9,18,0.478813,0.224953,0.441899,0,0,
1,685,Overall,Overall,18,7,18,-1.449557,-0.640154,0.447187,-1,0,
1,686,Overall,Overall,19,11,19,1.197762,0.587721,0.439097,1,0,
1,687,Overall,Overall,18,9,18,-0.649504,0.224953,0.441899,0,0,
1,688,Overall,Overall,18,10,18,-0.015381,0.272324,0.441528,0,0,
1,689,Overall,Overall,18,8,18,-0.453239,-0.362393,0.441794,0,0,
1,690,Overall,Overall,18,11,18,0.493958,0.660081,0.446903,1,0,
1,691,Overall,Overall,18,10,18,0.513327,0.462176,0.443323,0,0,
1,692,Overall,Overall,18,10,18,0.583592,0.420382,0.442737,0,0,
1,693,Overall,Overall,20,14,20,1.26655,1.29261,0.448612,1,0,
1,694,Overall,Overall,18,10,18,-0.291892,0.558968,0.445391,1,0,
1,695,Overall,Overall,18,9,18,-0.418879,0.361045,0.444859,0,0,
1,696,Overall,Overall,28,4,28,-2.007525,-2.10255,0.446916,-2,0,
1,697,Overall,Overall,18,7,18,-1.543582,-0.626395,0.448206,-1,0,
1,698,Overall,Overall,19,13,19,-0.07823,0.825365,0.446553,1,0,
1,699,Overall,Overall,18,7,18,-0.60678,-0.379319,0.446948,0,0,
1,700,Overall,Overall,17,9,17,-0.12805,0.211029,0.449949,0,0,
1,701,Overall,Overall,18,10,18,0.541405,0.516784,0.445216,1,0,
1,702,Overall,Overall,28,4,28,-1.751177,-2.10255,0.446916,-2,0,
1,703,Overall,Overall,18,8,18,-0.32508,0.028967,0.444,0,0,
1,704,Overall,Overall,18,8,18,0.229808,-0.362393,0.441794,0,0,
1,705,Overall,Overall,18,9,18,-0.290392,-0.158775,0.44145,0,0,
1,706,Overall,Overall,17,9,17,0.395769,0.211029,0.449949,0,0,
1,707,Overall,Overall,25,20,25,2.372029,1.867099,0.438555,2,0,
1,708,Overall,Overall,18,9,18,0.234386,0.319122,0.444452,0,0,
1,709,Overall,Overall,18,9,18,0.246285,0.012984,0.440826,0,0,
1,710,Overall,Overall,20,6,20,-1.811134,-1.125987,0.449573,-1,0,
1,711,Overall,Overall,18,11,18,0.635304,0.572321,0.445523,1,0,
1,712,Overall,Overall,19,12,19,1.206937,0.932596,0.447885,1,0,
1,713,Overall,Overall,18,8,18,-0.133082,-0.244166,0.441825,0,0,
1,714,Overall,Overall,24,19,24,0.841728,1.818284,0.443533,2,0,
1,715,Overall,Overall,18,7,18,-0.913039,-0.551064,0.446288,-1,0,
1,716,Overall,Overall,18,7,18,-0.508155,-0.640154,0.447187,-1,0,
1,717,Overall,Overall,20,6,20,-0.76571,-1.136639,0.448609,-1,0,
1,718,Overall,Overall,18,9,18,-0.10775,-0.099181,0.439871,0,0,
1,719,Overall,Overall,23,17,23,1.755485,1.554862,0.43965,2,0,
1,720,Overall,Overall,18,7,18,-0.121788,-0.379319,0.446948,0,0,
1,721,Overall,Overall,20,14,20,1.298626,1.164925,0.446179,1,0,
1,722,Overall,Overall,20,7,20,-0.471789,-0.844216,0.445149,-1,0,
1,723,Overall,Overall,26,22,26,1.8601,2.105648,0.447764,2,0,
1,724,Overall,Overall,18,8,18,-0.685312,-0.362393,0.441794,0,0,
1,725,Overall,Overall,19,12,19,0.626381,0.877393,0.446957,1,0,
1,726,Overall,Overall,18,9,18,0.262656,0.028487,0.440445,0,0,
1,727,Overall,Overall,23,18,23,1.648219,1.752297,0.44943,2,0,
1,728,Overall,Overall,19,7,19,-0.462663,-0.685161,0.440848,-1,0,
1,729,Overall,Overall,24,6,24,-2.371773,-1.411623,0.436105,-1,0,
1,730,Overall,Overall,18,9,18,0.436086,0.028487,0.440445,0,0,
1,731,Overall,Overall,20,14,20,1.325268,1.164925,0.446179,1,0,
1,732,Overall,Overall,18,9,18,0.085112,0.012062,0.440872,0,0,
1,733,Overall,Overall,18,11,18,0.830392,0.419775,0.446187,0,0,
1,734,Overall,Overall,25,21,25,1.998977,2.106344,0.448137,2,0,
1,735,Overall,Overall,18,8,18,-0.257691,-0.442049,0.443487,0,0,
1,736,Overall,Overall,19,12,19,-0.900129,0.642887,0.437814,1,0,
1,737,Overall,Overall,19,7,19,-0.733905,-0.685161,0.440848,-1,0,
1,738,Overall,Overall,23,5,23,-1.393071,-1.427859,0.448661,-1,0,
1,739,Overall,Overall,18,11,18,0.86341,0.758655,0.448823,1,0,
1,740,Overall,Overall,18,7,18,-0.479143,-0.640154,0.447187,-1,0,
1,741,Overall,Overall,19,7,19,-0.640852,-0.685161,0.440848,-1,0,
1,742,Overall,Overall,17,9,17,0.325731,0.211029,0.449949,0,0,
1,743,Overall,Overall,20,13,20,1.927675,0.997542,0.440198,1,0,
1,744,Overall,Overall,18,10,18,0.357337,0.420382,0.442737,0,0,
1,745,Overall,Overall,18,7,18,-0.336046,-0.640154,0.447187,-1,0,
1,746,Overall,Overall,18,11,18,0.678329,0.660081,0.446903,1,0,
1,747,Overall,Overall,18,9,18,0.264925,-0.099181,0.439871,0,0,
1,748,Overall,Overall,19,7,19,-0.115008,-0.789499,0.44326,-1,0,
1,749,Overall,Overall,19,13,19,1.16701,1.003122,0.449699,1,0,
1,750,Overall,Overall,20,7,20,-1.164602,-0.927682,0.441492,-1,0,
1,751,Overall,Overall,18,8,18,0.333107,-0.236856,0.441482,0,0,
1,752,Overall,Overall,22,16,22,2.268543,1.585727,0.439431,2,0,
1,753,Overall,Overall,22,16,22,2.012297,1.428211,0.443817,1,0,
1,754,Overall,Overall,18,10,18,-0.103103,0.094883,0.441676,0,0,
1,755,Overall,Overall,19,12,19,1.347262,0.912775,0.4451,1,0,
1,756,Overall,Overall,18,9,18,-0.217692,-0.167841,0.440855,0,0,
1,757,Overall,Overall,19,12,19,0.590075,0.932596,0.447885,1,0,
1,758,Overall,Overall,18,7,18,-0.533283,-0.640154,0.447187,-1,0,
1,759,Overall,Overall,18,10,18,1.51411,0.334364,0.440808,0,0,
1,760,Overall,Overall,18,10,18,0.888708,0.558968,0.445391,1,0,
1,761,Overall,Overall,19,13,19,0.52783,1.020148,0.44849,1,0,
1,762,Overall,Overall,21,6,21,-0.797724,-0.941766,0.443808,-1,0,
1,763,Overall,Overall,18,8,18,-0.701541,-0.442049,0.443487,0,0,
1,764,Overall,Overall,18,8,18,-0.280846,-0.120331,0.442118,0,0,
1,765,Overall,Overall,18,7,18,-1.319163,-0.626395,0.448206,-1,0,
1,766,Overall,Overall,20,6,20,-0.850442,-1.125987,0.449573,-1,0,
1,767,Overall,Overall,18,8,18,-0.379657,-0.038836,0.444772,0,0,
1,768,Overall,Overall,19,12,19,0.684748,0.782352,0.44369,1,0,
1,769,Overall,Overall,19,7,19,-0.716715,-0.776887,0.444273,-1,0,
1,770,Overall,Overall,18,10,18,0.085462,0.212306,0.441376,0,0,
1,771,Overall,Overall,19,7,19,-0.679686,-0.789499,0.44326,-1,0,
1,772,Overall,Overall,19,7,19,-0.637056,-0.685161,0.440848,-1,0,
1,773,Overall,Overall,18,8,18,-0.902739,-0.442049,0.443487,0,0,
1,774,Overall,Overall,18,11,18,1.107175,0.572321,0.445523,1,0,
1,775,Overall,Overall,22,16,22,1.212987,1.384949,0.441502,1,0,
1,776,Overall,Overall,18,7,18,-0.341458,-0.626395,0.448206,-1,0,
1,777,Overall,Overall,21,6,21,-1.382626,-1.040965,0.447658,-1,0,
1,778,Overall,Overall,20,14,20,0.656435,1.043084,0.447398,1,0,
1,779,Overall,Overall,20,14,20,0.352596,1.252541,0.447809,1,0,
1,780,Overall,Overall,21,15,21,1.030429,1.29946,0.448372,1,0,
1,781,Overall,Overall,20,14,20,0.997564,1.332571,0.449386,1,0,
1,782,Overall,Overall,18,10,18,0.783396,0.558968,0.445391,1,0,
1,783,Overall,Overall,22,6,22,-0.573073,-1.209891,0.445682,-1,0,
1,784,Overall,Overall,20,14,20,1.670484,1.040803,0.444682,1,0,
1,785,Overall,Overall,28,4,28,-1.814828,-2.10255,0.446916,-2,0,
1,786,Overall,Overall,19,6,19,-0.716474,-0.8827,0.448556,-1,0,
1,787,Overall,Overall,17,9,17,-0.439665,0.211029,0.449949,0,0,
1,788,Overall,Overall,18,10,18,0.597222,0.462176,0.443323,0,0,
1,789,Overall,Overall,18,11,18,0.460439,0.660081,0.446903,1,0,
1,790,Overall,Overall,19,7,19,-0.745681,-0.789499,0.44326,-1,0,
1,791,Overall,Overall,27,4,27,-2.477809,-1.694612,0.456886,-2,0,
1,792,Overall,Overall,18,8,18,-0.411698,-0.362393,0.441794,0,0,
1,793,Overall,Overall,18,9,18,-0.006807,-0.020107,0.44176,0,0,
1,794,Overall,Overall,26,22,26,2.898408,2.105648,0.447764,2,0,
1,795,Overall,Overall,19,12,19,0.641284,0.782352,0.44369,1,0,
1,796,Overall,Overall,25,5,25,-2.42453,-1.782765,0.44566,-2,0,
1,797,Overall,Overall,18,9,18,-0.117694,0.012984,0.440826,0,0,
1,798,Overall,Overall,18,10,18,0.798509,0.272324,0.441528,0,0,
1,799,Overall,Overall,18,8,18,0.094636,-0.362393,0.441794,0,0,
1,800,Overall,Overall,25,20,25,1.763685,1.867099,0.438555,2,0,
1,801,Overall,Overall,19,12,19,0.092137,0.642887,0.437814,1,0,
1,802,Overall,Overall,28,4,28,-2.401281,-2.10255,0.446916,-2,0,
1,803,Overall,Overall,19,13,19,1.409485,0.923416,0.44677,1,0,
1,804,Overall,Overall,18,10,18,-0.013672,0.558968,0.445391,1,0,
1,805,Overall,Overall,20,14,20,1.625445,1.070897,0.445271,1,0,
1,806,Overall,Overall,18,11,18,-0.252795,0.419775,0.446187,0,0,
1,807,Overall,Overall,20,14,20,1.722107,1.040803,0.444682,1,0,
1,808,Overall,Overall,30,2,30,-2.074439,-2.573055,0.481923,-3,0,
1,809,Overall,Overall,18,10,18,-0.173719,0.334364,0.440808,0,0,
1,810,Overall,Overall,18,11,18,0.883463,0.530196,0.444757,1,0,
1,811,Overall,Overall,21,15,21,0.929745,1.401756,0.442266,1,0,
1,812,Overall,Overall,18,9,18,0.6847,-0.099181,0.439871,0,0,
1,813,Overall,Overall,18,10,18,1.098921,0.504316,0.44844,1,0,
1,814,Overall,Overall,19,12,19,0.209416,0.782352,0.44369,1,0,
1,815,Overall,Overall,18,11,18,0.239794,0.572321,0.445523,1,0,
1,816,Overall,Overall,19,12,19,1.014341,0.972595,0.449343,1,0,
1,817,Overall,Overall,18,8,18,-0.463798,-0.362393,0.441794,0,0,
1,818,Overall,Overall,17,9,17,0.178844,0.211029,0.449949,0,0,
1,819,Overall,Overall,18,7,18,-0.748759,-0.379319,0.446948,0,0,
1,820,Overall,Overall,26,21,26,1.46688,1.911443,0.434078,2,0,
1,821,Overall,Overall,18,10,18,0.675711,0.334364,0.440808,0,0,
1,822,Overall,Overall,18,7,18,-1.315392,-0.559084,0.445705,-1,0,
1,823,Overall,Overall,22,6,22,-1.38435,-1.209891,0.445682,-1,0,
1,824,Overall,Overall,17,9,17,0.279856,0.211029,0.449949,0,0,
1,825,Overall,Overall,18,11,18,0.59243,0.660081,0.446903,1,0,
1,826,Overall,Overall,20,6,20,-1.152214,-1.136639,0.448609,-1,0,
1,827,Overall,Overall,18,11,18,-0.018879,0.419775,0.446187,0,0,
1,828,Overall,Overall,18,8,18,-1.00493,-0.362393,0.441794,0,0,
1,829,Overall,Overall,19,13,19,0.670374,0.923416,0.44677,1,0,
1,830,Overall,Overall,18,9,18,0.357231,0.074132,0.440332,0,0,
1,831,Overall,Overall,23,5,23,-1.622315,-1.428952,0.448555,-1,0,
1,832,Overall,Overall,24,6,24,-1.226053,-1.411623,0.436105,-1,0,
1,833,Overall,Overall,18,8,18,-0.074421,-0.181816,0.442386,0,0,
1,834,Overall,Overall,20,7,20,-0.240802,-0.738916,0.44091,-1,0,
1,835,Overall,Overall,18,9,18,-0.081903,0.297355,0.445635,0,0,
1,836,Overall,Overall,18,7,18,-0.209386,-0.640154,0.447187,-1,0,
1,837,Overall,Overall,18,10,18,-0.525606,0.156061,0.441708,0,0,
1,838,Overall,Overall,18,8,18,-0.074153,-0.362393,0.441794,0,0,
1,839,Overall,Overall,26,21,26,2.326136,1.911443,0.434078,2,0,
1,840,Overall,Overall,18,8,18,-0.895809,-0.362393,0.441794,0,0,
1,841,Overall,Overall,20,6,20,-1.271783,-1.136639,0.448609,-1,0,
1,842,Overall,Overall,18,10,18,0.609408,0.222866,0.441813,0,0,
1,843,Overall,Overall,25,5,25,-2.54573,-1.782765,0.44566,-2,0,
1,844,Overall,Overall,18,9,18,-0.015005,-0.038128,0.440121,0,0,
1,845,Overall,Overall,18,7,18,-0.964625,-0.640154,0.447187,-1,0,
1,846,Overall,Overall,17,9,17,-0.191234,0.152793,0.449939,0,0,
1,847,Overall,Overall,18,10,18,0.184057,0.278705,0.441087,0,0,
1,848,Overall,Overall,18,11,18,1.605936,0.62235,0.449335,1,0,
1,849,Overall,Overall,20,6,20,-1.124923,-0.936962,0.44959,-1,0,
1,850,Overall,Overall,18,9,18,0.788702,-0.111241,0.44152,0,0,
1,851,Overall,Overall,20,14,20,0.442091,1.164925,0.446179,1,0,
1,852,Overall,Overall,22,6,22,-1.993054,-1.209891,0.445682,-1,0,
1,853,Overall,Overall,18,7,18,0.087511,-0.559084,0.445705,-1,0,
1,854,Overall,Overall,23,18,23,1.028722,1.752297,0.44943,2,0,
1,855,Overall,Overall,18,10,18,0.42905,0.278705,0.441087,0,0,
1,856,Overall,Overall,18,11,18,1.081261,0.530196,0.444757,1,0,
1,857,Overall,Overall,18,9,18,0.510413,0.319122,0.444452,0,0,
1,858,Overall,Overall,17,9,17,0.405463,0.211029,0.449949,0,0,
1,859,Overall,Overall,19,7,19,-2.3717,-0.873473,0.448371,-1,0,
1,860,Overall,Overall,18,10,18,0.533726,0.334364,0.440808,0,0,
1,861,Overall,Overall,18,7,18,-0.386533,-0.585679,0.448743,-1,0,
1,862,Overall,Overall,18,11,18,1.388318,0.530196,0.444757,1,0,
1,863,Overall,Overall,18,8,18,-0.68587,-0.442049,0.443487,0,0,
1,864,Overall,Overall,18,7,18,-0.158885,-0.640154,0.447187,-1,0,
1,865,Overall,Overall,18,10,18,-0.463835,0.222866,0.441813,0,0,
1,866,Overall,Overall,22,6,22,-1.569807,-1.167477,0.443502,-1,0,
1,867,Overall,Overall,18,9,18,-0.402727,-0.167841,0.440855,0,0,
1,868,Overall,Overall,20,14,20,0.855092,1.29261,0.448612,1,0,
1,869,Overall,Overall,18,9,18,-0.452101,-0.167841,0.440855,0,0,
1,870,Overall,Overall,18,8,18,-0.401911,-0.292955,0.441014,0,0,
1,871,Overall,Overall,18,11,18,0.033858,0.572321,0.445523,1,0,
1,872,Overall,Overall,18,9,18,-0.516839,0.012984,0.440826,0,0,
1,873,Overall,Overall,18,7,18,-0.542037,-0.559084,0.445705,-1,0,
1,874,Overall,Overall,18,8,18,0.543707,-0.181816,0.442386,0,0,
1,875,Overall,Overall,18,10,18,0.104112,0.462176,0.443323,0,0,
1,876,Overall,Overall,18,7,18,-0.024054,-0.640154,0.447187,-1,0,
1,877,Overall,Overall,18,7,18,-0.869462,-0.551064,0.446288,-1,0,
1,878,Overall,Overall,18,8,18,0.522784,-0.038836,0.444772,0,0,
1,879,Overall,Overall,23,18,23,1.660455,1.752297,0.44943,2,0,
1,880,Overall,Overall,21,15,21,2.041596,1.275567,0.447362,1,0,
1,881,Overall,Overall,18,7,18,-1.084352,-0.559084,0.445705,-1,0,
1,882,Overall,Overall,18,8,18,-0.302765,-0.362393,0.441794,0,0,
1,883,Overall,Overall,20,14,20,1.422714,0.987765,0.444875,1,0,
1,884,Overall,Overall,21,15,21,0.975913,1.29946,0.448372,1,0,
1,885,Overall,Overall,20,13,20,0.834701,0.920757,0.444788,1,0,
1,886,Overall,Overall,18,9,18,-0.841423,0.028487,0.440445,0,0,
1,887,Overall,Overall,18,10,18,0.754167,0.222866,0.441813,0,0,
1,888,Overall,Overall,18,10,18,1.199993,0.420382,0.442737,0,0,
1,889,Overall,Overall,18,11,18,1.074463,0.758655,0.448823,1,0,
1,890,Overall,Overall,18,7,18,-0.693262,-0.559084,0.445705,-1,0,
1,891,Overall,Overall,23,17,23,2.105673,1.235887,0.436292,1,0,
1,892,Overall,Overall,19,12,19,0.13665,0.727416,0.439167,1,0,
1,893,Overall,Overall,18,8,18,-0.70868,-0.362393,0.441794,0,0,
1,894,Overall,Overall,18,10,18,0.005411,0.334364,0.440808,0,0,
1,895,Overall,Overall,18,9,18,0.276119,0.018315,0.440003,0,0,
1,896,Overall,Overall,18,8,18,-0.66521,-0.038836,0.444772,0,0,
1,897,Overall,Overall,18,9,18,-0.484895,0.028487,0.440445,0,0,
1,898,Overall,Overall,26,22,26,1.439716,2.105648,0.447764,2,0,
1,899,Overall,Overall,18,8,18,-1.005779,-0.038836,0.444772,0,0,
1,900,Overall,Overall,18,9,18,0.678937,0.224953,0.441899,0,0,
1,901,Overall,Overall,19,12,19,0.739289,0.932596,0.447885,1,0,
1,902,Overall,Overall,18,7,18,-0.649465,-0.433465,0.445842,0,0,
1,903,Overall,Overall,18,11,18,0.226349,0.530196,0.444757,1,0,
1,904,Overall,Overall,18,9,18,0.454215,0.224953,0.441899,0,0,
1,905,Overall,Overall,27,5,27,-2.359314,-1.875432,0.43631,-2,0,
1,906,Overall,Overall,18,7,18,-0.719017,-0.551064,0.446288,-1,0,
1,907,Overall,Overall,18,8,18,0.055746,-0.442049,0.443487,0,0,
1,908,Overall,Overall,20,13,20,1.248506,0.952902,0.439402,1,0,
1,909,Overall,Overall,18,7,18,-1.068328,-0.640154,0.447187,-1,0,
1,910,Overall,Overall,18,7,18,-1.217095,-0.559084,0.445705,-1,0,
1,911,Overall,Overall,18,10,18,0.252382,0.375727,0.441759,0,0,
1,912,Overall,Overall,18,8,18,0.07003,-0.362393,0.441794,0,0,
1,913,Overall,Overall,20,6,20,-0.982437,-1.125987,0.449573,-1,0,
1,914,Overall,Overall,18,11,18,-0.091494,0.419775,0.446187,0,0,
1,915,Overall,Overall,18,9,18,0.42714,0.012984,0.440826,0,0,
1,916,Overall,Overall,18,9,18,0.680214,0.319122,0.444452,0,0,
1,917,Overall,Overall,20,6,20,-1.511953,-1.136639,0.448609,-1,0,
1,918,Overall,Overall,18,9,18,0.044326,0.012984,0.440826,0,0,
1,919,Overall,Overall,24,6,24,-1.579107,-1.411623,0.436105,-1,0,
1,920,Overall,Overall,18,8,18,-0.026329,-0.442049,0.443487,0,0,
1,921,Overall,Overall,18,7,18,-0.032796,-0.379319,0.446948,0,0,
1,922,Overall,Overall,17,9,17,0.652525,0.211029,0.449949,0,0,
1,923,Overall,Overall,18,10,18,-0.007805,0.558968,0.445391,1,0,
1,924,Overall,Overall,19,7,19,-0.385979,-0.789499,0.44326,-1,0,
1,925,Overall,Overall,30,28,30,2.292212,2.608449,0.47827,3,0,
1,926,Overall,Overall,18,8,18,0.160644,-0.120331,0.442118,0,0,
1,927,Overall,Overall,30,27,30,2.646716,2.390491,0.456133,2,0,
1,928,Overall,Overall,18,11,18,0.746558,0.530196,0.444757,1,0,
1,929,Overall,Overall,30,27,30,2.134976,2.390491,0.456133,2,0,
1,930,Overall,Overall,18,7,18,0.04037,-0.640154,0.447187,-1,0,
1,931,Overall,Overall,22,7,22,-0.676182,-0.974561,0.435352,-1,0,
1,932,Overall,Overall,18,10,18,0.388172,0.516784,0.445216,1,0,
1,933,Overall,Overall,18,9,18,0.906173,0.224953,0.441899,0,0,
1,934,Overall,Overall,18,7,18,-0.82273,-0.640154,0.447187,-1,0,
1,935,Overall,Overall,20,6,20,-0.985484,-1.008953,0.447315,-1,0,
1,936,Overall,Overall,19,13,19,0.863897,0.837783,0.445639,1,0,
1,937,Overall,Overall,17,9,17,0.008028,0.211029,0.449949,0,0,
1,938,Overall,Overall,19,12,19,1.57205,0.727416,0.439167,1,0,
1,939,Overall,Overall,18,9,18,0.958931,-0.042763,0.440127,0,0,
1,940,Overall,Overall,22,16,22,1.430865,1.123726,0.437949,1,0,
1,941,Overall,Overall,18,9,18,-0.543222,0.074132,0.440332,0,0,
1,942,Overall,Overall,20,13,20,1.145678,0.793892,0.436216,1,0,
1,943,Overall,Overall,19,12,19,0.642241,0.877393,0.446957,1,0,
1,944,Overall,Overall,18,11,18,0.431982,0.530196,0.444757,1,0,
1,945,Overall,Overall,20,13,20,1.144089,1.055237,0.440995,1,0,
1,946,Overall,Overall,18,8,18,-0.508326,-0.175764,0.441577,0,0,
1,947,Overall,Overall,18,9,18,-0.237315,-0.099181,0.439871,0,0,
1,948,Overall,Overall,18,7,18,-0.476399,-0.559084,0.445705,-1,0,
1,949,Overall,Overall,18,7,18,-0.014539,-0.626395,0.448206,-1,0,
1,950,Overall,Overall,20,7,20,-0.973383,-0.927682,0.441492,-1,0,
1,951,Overall,Overall,18,8,18,-0.681526,-0.362393,0.441794,0,0,
1,952,Overall,Overall,18,11,18,0.900928,0.462262,0.447487,0,0,
1,953,Overall,Overall,18,10,18,0.736644,0.375727,0.441759,0,0,
1,954,Overall,Overall,18,11,18,0.479051,0.572321,0.445523,1,0,
1,955,Overall,Overall,18,8,18,-0.029448,-0.362393,0.441794,0,0,
1,956,Overall,Overall,20,13,20,0.605612,1.094457,0.442095,1,0,
1,957,Overall,Overall,18,8,18,-0.367785,-0.181816,0.442386,0,0,
1,958,Overall,Overall,18,10,18,0.012645,0.375727,0.441759,0,0,
1,959,Overall,Overall,20,6,20,-1.50892,-1.125987,0.449573,-1,0,
1,960,Overall,Overall,19,6,19,-1.108542,-0.8827,0.448556,-1,0,
1,961,Overall,Overall,22,16,22,0.971631,1.384949,0.441502,1,0,
1,962,Overall,Overall,18,7,18,0.394715,-0.551064,0.446288,-1,0,
1,963,Overall,Overall,23,18,23,1.809476,1.431409,0.448513,1,0,
1,964,Overall,Overall,18,9,18,-0.358024,-0.099181,0.439871,0,0,
1,965,Overall,Overall,18,11,18,1.906426,0.758655,0.448823,1,0,
1,966,Overall,Overall,19,13,19,0.879062,0.837783,0.445639,1,0,
1,967,Overall,Overall,20,13,20,0.562438,0.846883,0.436502,1,0,
1,968,Overall,Overall,21,7,21,-0.417796,-0.798003,0.437656,-1,0,
1,969,Overall,Overall,18,10,18,-0.345363,0.558968,0.445391,1,0,
1,970,Overall,Overall,18,8,18,0.053931,-0.181816,0.442386,0,0,
1,971,Overall,Overall,18,8,18,-0.429436,-0.292955,0.441014,0,0,
1,972,Overall,Overall,29,25,29,2.069262,2.17586,0.439851,2,0,
1,973,Overall,Overall,23,6,23,-1.184776,-1.394898,0.445005,-1,0,
1,974,Overall,Overall,29,25,29,1.948143,2.17586,0.439851,2,0,
1,975,Overall,Overall,18,11,18,0.612795,0.517173,0.446288,1,0,
1,976,Overall,Overall,18,8,18,-0.867873,-0.442049,0.443487,0,0,
1,977,Overall,Overall,17,9,17,0.824881,0.211029,0.449949,0,0,
1,978,Overall,Overall,23,18,23,1.673841,1.701797,0.447364,2,0,
1,979,Overall,Overall,18,10,18,0.37106,0.375727,0.441759,0,0,
1,980,Overall,Overall,21,6,21,-0.503973,-1.040965,0.447658,-1,0,
1,981,Overall,Overall,18,11,18,0.189785,0.419775,0.446187,0,0,
1,982,Overall,Overall,19,12,19,0.731824,0.822524,0.441093,1,0,
1,983,Overall,Overall,18,8,18,0.133376,-0.362393,0.441794,0,0,
1,984,Overall,Overall,18,8,18,-0.933032,-0.442049,0.443487,0,0,
1,985,Overall,Overall,19,13,19,1.204286,1.020148,0.44849,1,0,
1,986,Overall,Overall,18,7,18,-1.320415,-0.640154,0.447187,-1,0,
1,987,Overall,Overall,18,7,18,-0.11731,-0.626395,0.448206,-1,0,
1,988,Overall,Overall,25,5,25,-1.19801,-1.782765,0.44566,-2,0,
1,989,Overall,Overall,19,12,19,0.639292,0.727416,0.439167,1,0,
1,990,Overall,Overall,18,11,18,0.284219,0.572321,0.445523,1,0,
1,991,Overall,Overall,19,13,19,1.425816,0.923416,0.44677,1,0,
1,992,Overall,Overall,19,6,19,-1.207537,-0.8827,0.448556,-1,0,
1,993,Overall,Overall,18,9,18,-0.522157,0.319122,0.444452,0,0,
1,994,Overall,Overall,17,9,17,0.688987,0.211029,0.449949,0,0,
1,995,Overall,Overall,21,15,21,0.878291,1.361097,0.445084,1,0,
1,996,Overall,Overall,18,7,18,0.039897,-0.559084,0.445705,-1,0,
1,997,Overall,Overall,18,10,18,-0.071871,0.334364,0.440808,0,0,
1,998,Overall,Overall,18,8,18,-0.45722,-0.236856,0.441482,0,0,
1,999,Overall,Overall,24,6,24,-1.419641,-1.411623,0.436105,-1,0,
1,1000,Overall,Overall,18,11,18,0.420663,0.636281,0.448231,1,0,
