section,constraint_id,apply,stm_id,type,lb,ub,violation_cost,N,on_target,min,max,mean,sd,0,1,2,3,4,5,6,7,8,9,10,11,12,13,14,15
A,C01,STM,,NUMBER,1.0,1.0,,3600,1.0,1.0,1.0,1.0,0.0,0,3600,0,0,0,0,0,0,0,0,0,0,0,0,0,0
A,C02,STM,,NUMBER,1.0,1.0,,3600,1.0,1.0,1.0,1.0,0.0,0,3600,0,0,0,0,0,0,0,0,0,0,0,0,0,0
A,C03,ITM,,NUMBER,10.0,10.0,,3600,1.0,10.0,10.0,10.0,0.0,0,0,0,0,0,0,0,0,0,0,3600,0,0,0,0,0
A,C04_S001,STM_ITM,S001,NUMBER,5.0,5.0,,361,1.0,5.0,5.0,5.0,0.0,0,0,0,0,0,361,0,0,0,0,0,0,0,0,0,0
A,C04_S002,STM_ITM,S002,NUMBER,5.0,5.0,,7,1.0,5.0,5.0,5.0,0.0,0,0,0,0,0,7,0,0,0,0,0,0,0,0,0,0
A,C04_S004,STM_ITM,S004,NUMBER,5.0,5.0,,357,1.0,5.0,5.0,5.0,0.0,0,0,0,0,0,357,0,0,0,0,0,0,0,0,0,0
A,C04_S013,STM_ITM,S013,NUMBER,5.0,5.0,,186,1.0,5.0,5.0,5.0,0.0,0,0,0,0,0,186,0,0,0,0,0,0,0,0,0,0
A,C04_S017,STM_ITM,S017,NUMBER,5.0,5.0,,129,1.0,5.0,5.0,5.0,0.0,0,0,0,0,0,129,0,0,0,0,0,0,0,0,0,0
A,C04_S018,STM_ITM,S018,NUMBER,5.0,5.0,,173,1.0,5.0,5.0,5.0,0.0,0,0,0,0,0,173,0,0,0,0,0,0,0,0,0,0
A,C04_S020,STM_ITM,S020,NUMBER,5.0,5.0,,150,1.0,5.0,5.0,5.0,0.0,0,0,0,0,0,150,0,0,0,0,0,0,0,0,0,0
A,C04_S021,STM_ITM,S021,NUMBER,5.0,5.0,,59,1.0,5.0,5.0,5.0,0.0,0,0,0,0,0,59,0,0,0,0,0,0,0,0,0,0
A,C04_S024,STM_ITM,S024,NUMBER,5.0,5.0,,360,1.0,5.0,5.0,5.0,0.0,0,0,0,0,0,360,0,0,0,0,0,0,0,0,0,0
A,C04_S026,STM_ITM,S026,NUMBER,5.0,5.0,,362,1.0,5.0,5.0,5.0,0.0,0,0,0,0,0,362,0,0,0,0,0,0,0,0,0,0
A,C04_S027,STM_ITM,S027,NUMBER,5.0,5.0,,65,1.0,5.0,5.0,5.0,0.0,0,0,0,0,0,65,0,0,0,0,0,0,0,0,0,0
A,C04_S028,STM_ITM,S028,NUMBER,5.0,5.0,,358,1.0,5.0,5.0,5.0,0.0,0,0,0,0,0,358,0,0,0,0,0,0,0,0,0,0
A,C04_S032,STM_ITM,S032,NUMBER,5.0,5.0,,97,1.0,5.0,5.0,5.0,0.0,0,0,0,0,0,97,0,0,0,0,0,0,0,0,0,0
A,C04_S042,STM_ITM,S042,NUMBER,5.0,5.0,,110,1.0,5.0,5.0,5.0,0.0,0,0,0,0,0,110,0,0,0,0,0,0,0,0,0,0
A,C04_S043,STM_ITM,S043,NUMBER,5.0,5.0,,360,1.0,5.0,5.0,5.0,0.0,0,0,0,0,0,360,0,0,0,0,0,0,0,0,0,0
A,C04_S046,STM_ITM,S046,NUMBER,5.0,5.0,,358,1.0,5.0,5.0,5.0,0.0,0,0,0,0,0,358,0,0,0,0,0,0,0,0,0,0
A,C04_S052,STM_ITM,S052,NUMBER,5.0,5.0,,358,1.0,5.0,5.0,5.0,0.0,0,0,0,0,0,358,0,0,0,0,0,0,0,0,0,0
A,C04_S055,STM_ITM,S055,NUMBER,5.0,5.0,,160,1.0,5.0,5.0,5.0,0.0,0,0,0,0,0,160,0,0,0,0,0,0,0,0,0,0
A,C04_S056,STM_ITM,S056,NUMBER,5.0,5.0,,286,1.0,5.0,5.0,5.0,0.0,0,0,0,0,0,286,0,0,0,0,0,0,0,0,0,0
A,C04_S059,STM_ITM,S059,NUMBER,5.0,5.0,,361,1.0,5.0,5.0,5.0,0.0,0,0,0,0,0,361,0,0,0,0,0,0,0,0,0,0
A,C04_S064,STM_ITM,S064,NUMBER,5.0,5.0,,391,1.0,5.0,5.0,5.0,0.0,0,0,0,0,0,391,0,0,0,0,0,0,0,0,0,0
A,C04_S066,STM_ITM,S066,NUMBER,5.0,5.0,,367,1.0,5.0,5.0,5.0,0.0,0,0,0,0,0,367,0,0,0,0,0,0,0,0,0,0
A,C04_S067,STM_ITM,S067,NUMBER,5.0,5.0,,55,1.0,5.0,5.0,5.0,0.0,0,0,0,0,0,55,0,0,0,0,0,0,0,0,0,0
A,C04_S068,STM_ITM,S068,NUMBER,5.0,5.0,,21,1.0,5.0,5.0,5.0,0.0,0,0,0,0,0,21,0,0,0,0,0,0,0,0,0,0
A,C04_S072,STM_ITM,S072,NUMBER,5.0,5.0,,350,1.0,5.0,5.0,5.0,0.0,0,0,0,0,0,350,0,0,0,0,0,0,0,0,0,0
A,C04_S073,STM_ITM,S073,NUMBER,5.0,5.0,,332,1.0,5.0,5.0,5.0,0.0,0,0,0,0,0,332,0,0,0,0,0,0,0,0,0,0
A,C04_S076,STM_ITM,S076,NUMBER,5.0,5.0,,359,1.0,5.0,5.0,5.0,0.0,0,0,0,0,0,359,0,0,0,0,0,0,0,0,0,0
A,C04_S077,STM_ITM,S077,NUMBER,5.0,5.0,,115,1.0,5.0,5.0,5.0,0.0,0,0,0,0,0,115,0,0,0,0,0,0,0,0,0,0
A,C04_S078,STM_ITM,S078,NUMBER,5.0,5.0,,115,1.0,5.0,5.0,5.0,0.0,0,0,0,0,0,115,0,0,0,0,0,0,0,0,0,0
A,C04_S079,STM_ITM,S079,NUMBER,5.0,5.0,,83,1.0,5.0,5.0,5.0,0.0,0,0,0,0,0,83,0,0,0,0,0,0,0,0,0,0
A,C04_S080,STM_ITM,S080,NUMBER,5.0,5.0,,355,1.0,5.0,5.0,5.0,0.0,0,0,0,0,0,355,0,0,0,0,0,0,0,0,0,0
B,C01,STM,,NUMBER,1.0,1.0,,3600,1.0,1.0,1.0,1.0,0.0,0,3600,0,0,0,0,0,0,0,0,0,0,0,0,0,0
B,C02,STM,,NUMBER,1.0,1.0,,3600,1.0,1.0,1.0,1.0,0.0,0,3600,0,0,0,0,0,0,0,0,0,0,0,0,0,0
B,C03,ITM,,NUMBER,15.0,15.0,,3600,1.0,15.0,15.0,15.0,0.0,0,0,0,0,0,0,0,0,0,0,0,0,0,0,0,3600
B,C04_S006,STM_ITM,S006,NUMBER,7.0,8.0,,228,1.0,7.0,8.0,7.658,0.475,0,0,0,0,0,0,0,78,150,0,0,0,0,0,0,0
B,C04_S007,STM_ITM,S007,NUMBER,7.0,8.0,,19,1.0,8.0,8.0,8.0,0.0,0,0,0,0,0,0,0,0,19,0,0,0,0,0,0,0
B,C04_S008,STM_ITM,S008,NUMBER,7.0,8.0,,361,1.0,7.0,8.0,7.537,0.499,0,0,0,0,0,0,0,167,194,0,0,0,0,0,0,0
B,C04_S010,STM_ITM,S010,NUMBER,7.0,8.0,,361,1.0,7.0,8.0,7.402,0.491,0,0,0,0,0,0,0,216,145,0,0,0,0,0,0,0
B,C04_S011,STM_ITM,S011,NUMBER,7.0,8.0,,170,1.0,7.0,8.0,7.376,0.486,0,0,0,0,0,0,0,106,64,0,0,0,0,0,0,0
B,C04_S012,STM_ITM,S012,NUMBER,7.0,8.0,,1,1.0,7.0,7.0,7.0,0.0,0,0,0,0,0,0,0,1,0,0,0,0,0,0,0,0
B,C04_S014,STM_ITM,S014,NUMBER,7.0,8.0,,361,1.0,7.0,8.0,7.834,0.373,0,0,0,0,0,0,0,60,301,0,0,0,0,0,0,0
B,C04_S015,STM_ITM,S015,NUMBER,7.0,8.0,,352,1.0,7.0,8.0,7.571,0.496,0,0,0,0,0,0,0,151,201,0,0,0,0,0,0,0
B,C04_S016,STM_ITM,S016,NUMBER,7.0,8.0,,277,1.0,7.0,8.0,7.762,0.427,0,0,0,0,0,0,0,66,211,0,0,0,0,0,0,0
B,C04_S019,STM_ITM,S019,NUMBER,7.0,8.0,,205,1.0,7.0,8.0,7.537,0.5,0,0,0,0,0,0,0,95,110,0,0,0,0,0,0,0
B,C04_S023,STM_ITM,S023,NUMBER,7.0,8.0,,358,1.0,7.0,8.0,7.634,0.482,0,0,0,0,0,0,0,131,227,0,0,0,0,0,0,0
B,C04_S029,STM_ITM,S029,NUMBER,7.0,8.0,,362,1.0,7.0,8.0,7.271,0.445,0,0,0,0,0,0,0,264,98,0,0,0,0,0,0,0
B,C04_S030,STM_ITM,S030,NUMBER,7.0,8.0,,360,1.0,7.0,8.0,7.764,0.425,0,0,0,0,0,0,0,85,275,0,0,0,0,0,0,0
B,C04_S031,STM_ITM,S031,NUMBER,7.0,8.0,,31,1.0,7.0,8.0,7.516,0.508,0,0,0,0,0,0,0,15,16,0,0,0,0,0,0,0
B,C04_S033,STM_ITM,S033,NUMBER,7.0,8.0,,242,1.0,7.0,8.0,7.05,0.218,0,0,0,0,0,0,0,230,12,0,0,0,0,0,0,0
B,C04_S035,STM_ITM,S035,NUMBER,7.0,8.0,,205,1.0,7.0,8.0,7.761,0.428,0,0,0,0,0,0,0,49,156,0,0,0,0,0,0,0
B,C04_S036,STM_ITM,S036,NUMBER,7.0,8.0,,166,1.0,7.0,8.0,7.108,0.312,0,0,0,0,0,0,0,148,18,0,0,0,0,0,0,0
B,C04_S039,STM_ITM,S039,NUMBER,7.0,8.0,,357,1.0,7.0,8.0,7.359,0.48,0,0,0,0,0,0,0,229,128,0,0,0,0,0,0,0
B,C04_S040,STM_ITM,S040,NUMBER,7.0,8.0,,360,1.0,7.0,8.0,7.558,0.497,0,0,0,0,0,0,0,159,201,0,0,0,0,0,0,0
B,C04_S045,STM_ITM,S045,NUMBER,7.0,8.0,,1,1.0,7.0,7.0,7.0,0.0,0,0,0,0,0,0,0,1,0,0,0,0,0,0,0,0
B,C04_S047,STM_ITM,S047,NUMBER,7.0,8.0,,90,1.0,7.0,8.0,7.389,0.49,0,0,0,0,0,0,0,55,35,0,0,0,0,0,0,0
B,C04_S048,STM_ITM,S048,NUMBER,7.0,8.0,,57,1.0,7.0,7.0,7.0,0.0,0,0,0,0,0,0,0,57,0,0,0,0,0,0,0,0
B,C04_S051,STM_ITM,S051,NUMBER,7.0,8.0,,137,1.0,7.0,8.0,7.701,0.46,0,0,0,0,0,0,0,41,96,0,0,0,0,0,0,0
B,C04_S054,STM_ITM,S054,NUMBER,7.0,8.0,,359,1.0,7.0,8.0,7.688,0.464,0,0,0,0,0,0,0,112,247,0,0,0,0,0,0,0
B,C04_S057,STM_ITM,S057,NUMBER,7.0,8.0,,22,1.0,7.0,8.0,7.818,0.395,0,0,0,0,0,0,0,4,18,0,0,0,0,0,0,0
B,C04_S058,STM_ITM,S058,NUMBER,7.0,8.0,,348,1.0,7.0,8.0,7.204,0.404,0,0,0,0,0,0,0,277,71,0,0,0,0,0,0,0
B,C04_S062,STM_ITM,S062,NUMBER,7.0,8.0,,238,1.0,7.0,8.0,7.328,0.47,0,0,0,0,0,0,0,160,78,0,0,0,0,0,0,0
B,C04_S063,STM_ITM,S063,NUMBER,7.0,8.0,,253,1.0,7.0,8.0,7.138,0.346,0,0,0,0,0,0,0,218,35,0,0,0,0,0,0,0
B,C04_S065,STM_ITM,S065,NUMBER,7.0,8.0,,50,1.0,7.0,8.0,7.06,0.24,0,0,0,0,0,0,0,47,3,0,0,0,0,0,0,0
B,C04_S071,STM_ITM,S071,NUMBER,7.0,8.0,,360,1.0,7.0,8.0,7.664,0.473,0,0,0,0,0,0,0,121,239,0,0,0,0,0,0,0
B,C04_S074,STM_ITM,S074,NUMBER,7.0,8.0,,359,1.0,7.0,8.0,7.699,0.459,0,0,0,0,0,0,0,108,251,0,0,0,0,0,0,0
B,C04_S075,STM_ITM,S075,NUMBER,7.0,8.0,,150,1.0,7.0,8.0,7.007,0.082,0,0,0,0,0,0,0,149,1,0,0,0,0,0,0,0
