section,constraint_id,apply,stm_id,type,lb,ub,violation_cost,N,on_target,min,max,mean,sd,0,1,2,3,4,5,6,7,8,9,10,11,12,13,14,15,16,17,18,19,20,21,22,23,24,25,26,27,28,29,30,31,32,33,34,35,36
A,C01,ITM,,NUMBER,36.0,36.0,,6500,1.0,36.0,36.0,36.0,0.0,0,0,0,0,0,0,0,0,0,0,0,0,0,0,0,0,0,0,0,0,0,0,0,0,0,0,0,0,0,0,0,0,0,0,0,0,6500
A,C02,ITM,,NUMBER,13.0,13.0,,6500,1.0,13.0,13.0,13.0,0.0,0,0,0,0,0,0,0,0,0,0,0,0,0,6500,0,0,0,0,0,0,0,0,0,0,0,0,0,0,0,0,0,0,0,0,0,0,0
A,C03,ITM,,NUMBER,23.0,23.0,,6500,1.0,23.0,23.0,23.0,0.0,0,0,0,0,0,0,0,0,0,0,0,0,0,0,0,0,0,0,0,0,0,0,0,6500,0,0,0,0,0,0,0,0,0,0,0,0,0
A,C04,ITM,,NUMBER,9.0,9.0,,6500,1.0,9.0,9.0,9.0,0.0,0,0,0,0,0,0,0,0,0,6500,0,0,0,0,0,0,0,0,0,0,0,0,0,0,0,0,0,0,0,0,0,0,0,0,0,0,0
A,C05,ITM,,NUMBER,3.0,3.0,,6500,1.0,3.0,3.0,3.0,0.0,0,0,0,6500,0,0,0,0,0,0,0,0,0,0,0,0,0,0,0,0,0,0,0,0,0,0,0,0,0,0,0,0,0,0,0,0,0
A,C06,ITM,,NUMBER,4.0,4.0,,6500,1.0,4.0,4.0,4.0,0.0,0,0,0,0,6500,0,0,0,0,0,0,0,0,0,0,0,0,0,0,0,0,0,0,0,0,0,0,0,0,0,0,0,0,0,0,0,0
A,C07,ITM,,NUMBER,2.0,2.0,,6500,1.0,2.0,2.0,2.0,0.0,0,0,6500,0,0,0,0,0,0,0,0,0,0,0,0,0,0,0,0,0,0,0,0,0,0,0,0,0,0,0,0,0,0,0,0,0,0
A,C08,ITM,,NUMBER,1.0,1.0,,6500,1.0,1.0,1.0,1.0,0.0,0,6500,0,0,0,0,0,0,0,0,0,0,0,0,0,0,0,0,0,0,0,0,0,0,0,0,0,0,0,0,0,0,0,0,0,0,0
A,C09,ITM,,NUMBER,3.0,3.0,,6500,1.0,3.0,3.0,3.0,0.0,0,0,0,6500,0,0,0,0,0,0,0,0,0,0,0,0,0,0,0,0,0,0,0,0,0,0,0,0,0,0,0,0,0,0,0,0,0
A,C10,ITM,,NUMBER,1.0,1.0,,6500,1.0,1.0,1.0,1.0,0.0,0,6500,0,0,0,0,0,0,0,0,0,0,0,0,0,0,0,0,0,0,0,0,0,0,0,0,0,0,0,0,0,0,0,0,0,0,0
A,C11,ITM,,NUMBER,2.0,2.0,,6500,1.0,2.0,2.0,2.0,0.0,0,0,6500,0,0,0,0,0,0,0,0,0,0,0,0,0,0,0,0,0,0,0,0,0,0,0,0,0,0,0,0,0,0,0,0,0,0
A,C12,ITM,,NUMBER,0.0,1.0,,6500,1.0,0.0,1.0,0.915,0.279,554,5946,0,0,0,0,0,0,0,0,0,0,0,0,0,0,0,0,0,0,0,0,0,0,0,0,0,0,0,0,0,0,0,0,0,0,0
A,C13,ITM,,NUMBER,0.0,1.0,,6500,1.0,1.0,1.0,1.0,0.0,0,6500,0,0,0,0,0,0,0,0,0,0,0,0,0,0,0,0,0,0,0,0,0,0,0,0,0,0,0,0,0,0,0,0,0,0,0
A,C14,ITM,,NUMBER,0.0,1.0,,6500,1.0,0.0,1.0,0.085,0.279,5946,554,0,0,0,0,0,0,0,0,0,0,0,0,0,0,0,0,0,0,0,0,0,0,0,0,0,0,0,0,0,0,0,0,0,0,0
A,C15,ITM,,NUMBER,1.0,1.0,,6500,1.0,1.0,1.0,1.0,0.0,0,6500,0,0,0,0,0,0,0,0,0,0,0,0,0,0,0,0,0,0,0,0,0,0,0,0,0,0,0,0,0,0,0,0,0,0,0
A,C16,ITM,,NUMBER,2.0,2.0,,6500,1.0,2.0,2.0,2.0,0.0,0,0,6500,0,0,0,0,0,0,0,0,0,0,0,0,0,0,0,0,0,0,0,0,0,0,0,0,0,0,0,0,0,0,0,0,0,0
A,C17,ITM,,NUMBER,0.0,1.0,,6500,1.0,0.0,1.0,0.363,0.481,4141,2359,0,0,0,0,0,0,0,0,0,0,0,0,0,0,0,0,0,0,0,0,0,0,0,0,0,0,0,0,0,0,0,0,0,0,0
A,C19,ITM,,NUMBER,0.0,1.0,,6500,1.0,0.0,1.0,1.0,0.012,1,6499,0,0,0,0,0,0,0,0,0,0,0,0,0,0,0,0,0,0,0,0,0,0,0,0,0,0,0,0,0,0,0,0,0,0,0
A,C20,ITM,,NUMBER,0.0,1.0,,6500,1.0,0.0,1.0,0.637,0.481,2358,4142,0,0,0,0,0,0,0,0,0,0,0,0,0,0,0,0,0,0,0,0,0,0,0,0,0,0,0,0,0,0,0,0,0,0,0
A,C21,ITM,,NUMBER,6.0,6.0,,6500,1.0,6.0,6.0,6.0,0.0,0,0,0,0,0,0,6500,0,0,0,0,0,0,0,0,0,0,0,0,0,0,0,0,0,0,0,0,0,0,0,0,0,0,0,0,0,0
A,C22,ITM,,NUMBER,3.0,3.0,,6500,1.0,3.0,3.0,3.0,0.0,0,0,0,6500,0,0,0,0,0,0,0,0,0,0,0,0,0,0,0,0,0,0,0,0,0,0,0,0,0,0,0,0,0,0,0,0,0
A,C23,ITM,,NUMBER,0.0,1.0,,6500,1.0,0.0,0.0,0.0,0.0,6500,0,0,0,0,0,0,0,0,0,0,0,0,0,0,0,0,0,0,0,0,0,0,0,0,0,0,0,0,0,0,0,0,0,0,0,0
A,C24,ITM,,NUMBER,0.0,1.0,,6500,1.0,0.0,1.0,0.006,0.078,6460,40,0,0,0,0,0,0,0,0,0,0,0,0,0,0,0,0,0,0,0,0,0,0,0,0,0,0,0,0,0,0,0,0,0,0,0
A,C25,ITM,,NUMBER,0.0,1.0,,6500,1.0,0.0,1.0,0.952,0.215,315,6185,0,0,0,0,0,0,0,0,0,0,0,0,0,0,0,0,0,0,0,0,0,0,0,0,0,0,0,0,0,0,0,0,0,0,0
A,C26,ITM,,NUMBER,0.0,1.0,,6500,1.0,0.0,1.0,0.443,0.497,3618,2882,0,0,0,0,0,0,0,0,0,0,0,0,0,0,0,0,0,0,0,0,0,0,0,0,0,0,0,0,0,0,0,0,0,0,0
A,C27,ITM,,NUMBER,1.0,2.0,,6500,1.0,1.0,2.0,1.599,0.49,0,2607,3893,0,0,0,0,0,0,0,0,0,0,0,0,0,0,0,0,0,0,0,0,0,0,0,0,0,0,0,0,0,0,0,0,0,0
A,C28,ITM,,NUMBER,1.0,1.0,,6500,1.0,1.0,1.0,1.0,0.0,0,6500,0,0,0,0,0,0,0,0,0,0,0,0,0,0,0,0,0,0,0,0,0,0,0,0,0,0,0,0,0,0,0,0,0,0,0
A,C29,ITM,,NUMBER,2.0,2.0,,6500,1.0,2.0,2.0,2.0,0.0,0,0,6500,0,0,0,0,0,0,0,0,0,0,0,0,0,0,0,0,0,0,0,0,0,0,0,0,0,0,0,0,0,0,0,0,0,0
A,C30,ITM,,NUMBER,0.0,1.0,,6500,1.0,0.0,1.0,0.974,0.158,166,6334,0,0,0,0,0,0,0,0,0,0,0,0,0,0,0,0,0,0,0,0,0,0,0,0,0,0,0,0,0,0,0,0,0,0,0
A,C31,ITM,,NUMBER,0.0,1.0,,6500,1.0,0.0,1.0,0.995,0.069,31,6469,0,0,0,0,0,0,0,0,0,0,0,0,0,0,0,0,0,0,0,0,0,0,0,0,0,0,0,0,0,0,0,0,0,0,0
A,C32,ITM,,NUMBER,0.0,1.0,,6500,1.0,0.0,1.0,0.03,0.171,6303,197,0,0,0,0,0,0,0,0,0,0,0,0,0,0,0,0,0,0,0,0,0,0,0,0,0,0,0,0,0,0,0,0,0,0,0
A,C33,ITM,,NUMBER,6.0,6.0,,6500,1.0,6.0,6.0,6.0,0.0,0,0,0,0,0,0,6500,0,0,0,0,0,0,0,0,0,0,0,0,0,0,0,0,0,0,0,0,0,0,0,0,0,0,0,0,0,0
A,C34,ITM,,NUMBER,2.0,2.0,,6500,1.0,2.0,2.0,2.0,0.0,0,0,6500,0,0,0,0,0,0,0,0,0,0,0,0,0,0,0,0,0,0,0,0,0,0,0,0,0,0,0,0,0,0,0,0,0,0
A,C35,ITM,,NUMBER,0.0,1.0,,6500,1.0,0.0,1.0,0.727,0.445,1773,4727,0,0,0,0,0,0,0,0,0,0,0,0,0,0,0,0,0,0,0,0,0,0,0,0,0,0,0,0,0,0,0,0,0,0,0
A,C36,ITM,,NUMBER,0.0,1.0,,6500,1.0,0.0,1.0,0.999,0.025,4,6496,0,0,0,0,0,0,0,0,0,0,0,0,0,0,0,0,0,0,0,0,0,0,0,0,0,0,0,0,0,0,0,0,0,0,0
A,C37,ITM,,NUMBER,0.0,1.0,,6500,1.0,0.0,1.0,0.273,0.446,4723,1777,0,0,0,0,0,0,0,0,0,0,0,0,0,0,0,0,0,0,0,0,0,0,0,0,0,0,0,0,0,0,0,0,0,0,0
A,C38,ITM,,NUMBER,2.0,2.0,,6500,1.0,2.0,2.0,2.0,0.0,0,0,6500,0,0,0,0,0,0,0,0,0,0,0,0,0,0,0,0,0,0,0,0,0,0,0,0,0,0,0,0,0,0,0,0,0,0
A,C39,ITM,,NUMBER,0.0,1.0,,6500,1.0,1.0,1.0,1.0,0.0,0,6500,0,0,0,0,0,0,0,0,0,0,0,0,0,0,0,0,0,0,0,0,0,0,0,0,0,0,0,0,0,0,0,0,0,0,0
A,C40,ITM,,NUMBER,0.0,1.0,,6500,1.0,0.0,1.0,0.779,0.415,1436,5064,0,0,0,0,0,0,0,0,0,0,0,0,0,0,0,0,0,0,0,0,0,0,0,0,0,0,0,0,0,0,0,0,0,0,0
A,C41,ITM,,NUMBER,0.0,1.0,,6500,1.0,0.0,1.0,0.221,0.415,5064,1436,0,0,0,0,0,0,0,0,0,0,0,0,0,0,0,0,0,0,0,0,0,0,0,0,0,0,0,0,0,0,0,0,0,0,0
A,C44,ITM,,NUMBER,1.0,1.0,,6500,1.0,1.0,1.0,1.0,0.0,0,6500,0,0,0,0,0,0,0,0,0,0,0,0,0,0,0,0,0,0,0,0,0,0,0,0,0,0,0,0,0,0,0,0,0,0,0
A,C45,ITM,,NUMBER,1.0,1.0,,6500,1.0,1.0,1.0,1.0,0.0,0,6500,0,0,0,0,0,0,0,0,0,0,0,0,0,0,0,0,0,0,0,0,0,0,0,0,0,0,0,0,0,0,0,0,0,0,0
A,C46,ITM,,NUMBER,1.0,1.0,,6500,1.0,1.0,1.0,1.0,0.0,0,6500,0,0,0,0,0,0,0,0,0,0,0,0,0,0,0,0,0,0,0,0,0,0,0,0,0,0,0,0,0,0,0,0,0,0,0
A,C47,ITM,,NUMBER,2.0,2.0,,6500,1.0,2.0,2.0,2.0,0.0,0,0,6500,0,0,0,0,0,0,0,0,0,0,0,0,0,0,0,0,0,0,0,0,0,0,0,0,0,0,0,0,0,0,0,0,0,0
A,C48,ITM,,NUMBER,1.0,1.0,,6500,1.0,1.0,1.0,1.0,0.0,0,6500,0,0,0,0,0,0,0,0,0,0,0,0,0,0,0,0,0,0,0,0,0,0,0,0,0,0,0,0,0,0,0,0,0,0,0
A,C49,ITM,,NUMBER,1.0,1.0,,6500,1.0,1.0,1.0,1.0,0.0,0,6500,0,0,0,0,0,0,0,0,0,0,0,0,0,0,0,0,0,0,0,0,0,0,0,0,0,0,0,0,0,0,0,0,0,0,0
A,C50,ITM,,NUMBER,2.0,2.0,,6500,1.0,2.0,2.0,2.0,0.0,0,0,6500,0,0,0,0,0,0,0,0,0,0,0,0,0,0,0,0,0,0,0,0,0,0,0,0,0,0,0,0,0,0,0,0,0,0
A,C51,ITM,,NUMBER,1.0,1.0,,6500,1.0,1.0,1.0,1.0,0.0,0,6500,0,0,0,0,0,0,0,0,0,0,0,0,0,0,0,0,0,0,0,0,0,0,0,0,0,0,0,0,0,0,0,0,0,0,0
A,C52,ITM,,NUMBER,1.0,1.0,,6500,1.0,1.0,1.0,1.0,0.0,0,6500,0,0,0,0,0,0,0,0,0,0,0,0,0,0,0,0,0,0,0,0,0,0,0,0,0,0,0,0,0,0,0,0,0,0,0
A,C53,ITM,,NUMBER,4.0,4.0,,6500,1.0,4.0,4.0,4.0,0.0,0,0,0,0,6500,0,0,0,0,0,0,0,0,0,0,0,0,0,0,0,0,0,0,0,0,0,0,0,0,0,0,0,0,0,0,0,0
A,C54,ITM,,NUMBER,0.0,1.0,,6500,1.0,0.0,1.0,0.696,0.46,1976,4524,0,0,0,0,0,0,0,0,0,0,0,0,0,0,0,0,0,0,0,0,0,0,0,0,0,0,0,0,0,0,0,0,0,0,0
A,C55,ITM,,NUMBER,0.0,1.0,,6500,1.0,0.0,1.0,0.468,0.499,3455,3045,0,0,0,0,0,0,0,0,0,0,0,0,0,0,0,0,0,0,0,0,0,0,0,0,0,0,0,0,0,0,0,0,0,0,0
A,C56,ITM,,NUMBER,0.0,1.0,,6500,1.0,0.0,1.0,0.93,0.254,452,6048,0,0,0,0,0,0,0,0,0,0,0,0,0,0,0,0,0,0,0,0,0,0,0,0,0,0,0,0,0,0,0,0,0,0,0
A,C57,ITM,,NUMBER,0.0,1.0,,6500,1.0,0.0,1.0,0.05,0.218,6174,326,0,0,0,0,0,0,0,0,0,0,0,0,0,0,0,0,0,0,0,0,0,0,0,0,0,0,0,0,0,0,0,0,0,0,0
A,C58,ITM,,NUMBER,0.0,1.0,,6500,1.0,0.0,1.0,0.382,0.486,4018,2482,0,0,0,0,0,0,0,0,0,0,0,0,0,0,0,0,0,0,0,0,0,0,0,0,0,0,0,0,0,0,0,0,0,0,0
A,C59,ITM,,NUMBER,0.0,1.0,,6500,1.0,0.0,1.0,0.032,0.176,6292,208,0,0,0,0,0,0,0,0,0,0,0,0,0,0,0,0,0,0,0,0,0,0,0,0,0,0,0,0,0,0,0,0,0,0,0
A,C60,ITM,,NUMBER,0.0,1.0,,6500,1.0,0.0,1.0,0.017,0.13,6389,111,0,0,0,0,0,0,0,0,0,0,0,0,0,0,0,0,0,0,0,0,0,0,0,0,0,0,0,0,0,0,0,0,0,0,0
A,C61,ITM,,NUMBER,0.0,1.0,,6500,1.0,0.0,1.0,0.725,0.447,1790,4710,0,0,0,0,0,0,0,0,0,0,0,0,0,0,0,0,0,0,0,0,0,0,0,0,0,0,0,0,0,0,0,0,0,0,0
A,C62,ITM,,NUMBER,0.0,1.0,,6500,1.0,0.0,1.0,0.04,0.197,6237,263,0,0,0,0,0,0,0,0,0,0,0,0,0,0,0,0,0,0,0,0,0,0,0,0,0,0,0,0,0,0,0,0,0,0,0
A,C63,ITM,,NUMBER,0.0,1.0,,6500,1.0,0.0,1.0,0.292,0.455,4602,1898,0,0,0,0,0,0,0,0,0,0,0,0,0,0,0,0,0,0,0,0,0,0,0,0,0,0,0,0,0,0,0,0,0,0,0
A,C64,ITM,,NUMBER,0.0,1.0,,6500,1.0,0.0,1.0,0.367,0.482,4115,2385,0,0,0,0,0,0,0,0,0,0,0,0,0,0,0,0,0,0,0,0,0,0,0,0,0,0,0,0,0,0,0,0,0,0,0
A,C65,ITM,,NUMBER,2.0,2.0,,6500,1.0,2.0,2.0,2.0,0.0,0,0,6500,0,0,0,0,0,0,0,0,0,0,0,0,0,0,0,0,0,0,0,0,0,0,0,0,0,0,0,0,0,0,0,0,0,0
A,C69,ITM,,NUMBER,0.0,1.0,,6500,1.0,0.0,1.0,0.169,0.375,5401,1099,0,0,0,0,0,0,0,0,0,0,0,0,0,0,0,0,0,0,0,0,0,0,0,0,0,0,0,0,0,0,0,0,0,0,0
A,C71,ITM,,NUMBER,0.0,1.0,,6500,1.0,0.0,1.0,0.557,0.497,2879,3621,0,0,0,0,0,0,0,0,0,0,0,0,0,0,0,0,0,0,0,0,0,0,0,0,0,0,0,0,0,0,0,0,0,0,0
A,C73,ITM,,NUMBER,0.0,1.0,,6500,1.0,0.0,1.0,0.416,0.493,3795,2705,0,0,0,0,0,0,0,0,0,0,0,0,0,0,0,0,0,0,0,0,0,0,0,0,0,0,0,0,0,0,0,0,0,0,0
A,C76,ITM,,NUMBER,0.0,1.0,,6500,1.0,0.0,1.0,0.858,0.349,925,5575,0,0,0,0,0,0,0,0,0,0,0,0,0,0,0,0,0,0,0,0,0,0,0,0,0,0,0,0,0,0,0,0,0,0,0
A,C77,ITM,,NUMBER,4.0,4.0,,6500,1.0,4.0,4.0,4.0,0.0,0,0,0,0,6500,0,0,0,0,0,0,0,0,0,0,0,0,0,0,0,0,0,0,0,0,0,0,0,0,0,0,0,0,0,0,0,0
A,C78,ITM,,NUMBER,0.0,1.0,,6500,1.0,0.0,1.0,0.618,0.486,2486,4014,0,0,0,0,0,0,0,0,0,0,0,0,0,0,0,0,0,0,0,0,0,0,0,0,0,0,0,0,0,0,0,0,0,0,0
A,C79,ITM,,NUMBER,0.0,1.0,,6500,1.0,0.0,1.0,0.034,0.182,6278,222,0,0,0,0,0,0,0,0,0,0,0,0,0,0,0,0,0,0,0,0,0,0,0,0,0,0,0,0,0,0,0,0,0,0,0
A,C80,ITM,,NUMBER,0.0,1.0,,6500,1.0,0.0,1.0,0.966,0.182,224,6276,0,0,0,0,0,0,0,0,0,0,0,0,0,0,0,0,0,0,0,0,0,0,0,0,0,0,0,0,0,0,0,0,0,0,0
A,C81,ITM,,NUMBER,0.0,1.0,,6500,1.0,0.0,1.0,0.583,0.493,2708,3792,0,0,0,0,0,0,0,0,0,0,0,0,0,0,0,0,0,0,0,0,0,0,0,0,0,0,0,0,0,0,0,0,0,0,0
A,C82,ITM,,NUMBER,0.0,1.0,,6500,1.0,0.0,1.0,0.77,0.421,1492,5008,0,0,0,0,0,0,0,0,0,0,0,0,0,0,0,0,0,0,0,0,0,0,0,0,0,0,0,0,0,0,0,0,0,0,0
A,C83,ITM,,NUMBER,0.0,1.0,,6500,1.0,0.0,1.0,0.958,0.201,273,6227,0,0,0,0,0,0,0,0,0,0,0,0,0,0,0,0,0,0,0,0,0,0,0,0,0,0,0,0,0,0,0,0,0,0,0
A,C84,ITM,,NUMBER,0.0,1.0,,6500,1.0,0.0,1.0,0.067,0.249,6067,433,0,0,0,0,0,0,0,0,0,0,0,0,0,0,0,0,0,0,0,0,0,0,0,0,0,0,0,0,0,0,0,0,0,0,0
A,C85,ITM,,NUMBER,0.0,1.0,,6500,1.0,0.0,1.0,0.004,0.065,6472,28,0,0,0,0,0,0,0,0,0,0,0,0,0,0,0,0,0,0,0,0,0,0,0,0,0,0,0,0,0,0,0,0,0,0,0
A,C86,ITM,,NUMBER,2.0,2.0,,6500,1.0,2.0,2.0,2.0,0.0,0,0,6500,0,0,0,0,0,0,0,0,0,0,0,0,0,0,0,0,0,0,0,0,0,0,0,0,0,0,0,0,0,0,0,0,0,0
A,C87,ITM,,NUMBER,0.0,1.0,,6500,1.0,0.0,1.0,0.944,0.23,365,6135,0,0,0,0,0,0,0,0,0,0,0,0,0,0,0,0,0,0,0,0,0,0,0,0,0,0,0,0,0,0,0,0,0,0,0
A,C88,ITM,,NUMBER,0.0,1.0,,6500,1.0,0.0,1.0,0.02,0.138,6373,127,0,0,0,0,0,0,0,0,0,0,0,0,0,0,0,0,0,0,0,0,0,0,0,0,0,0,0,0,0,0,0,0,0,0,0
A,C92,ITM,,NUMBER,1.0,2.0,,6500,1.0,1.0,2.0,1.037,0.188,0,6262,238,0,0,0,0,0,0,0,0,0,0,0,0,0,0,0,0,0,0,0,0,0,0,0,0,0,0,0,0,0,0,0,0,0,0
A,ENEMY_I001_I209,ITM,,ENEMY,0.0,1.0,,6500,1.0,0.0,1.0,0.059,0.236,6115,385,0,0,0,0,0,0,0,0,0,0,0,0,0,0,0,0,0,0,0,0,0,0,0,0,0,0,0,0,0,0,0,0,0,0,0
A,ENEMY_I002_I003,ITM,,ENEMY,0.0,1.0,,6500,1.0,0.0,1.0,0.989,0.105,73,6427,0,0,0,0,0,0,0,0,0,0,0,0,0,0,0,0,0,0,0,0,0,0,0,0,0,0,0,0,0,0,0,0,0,0,0
A,ENEMY_I002_I062,ITM,,ENEMY,0.0,1.0,,6500,1.0,0.0,1.0,0.011,0.105,6427,73,0,0,0,0,0,0,0,0,0,0,0,0,0,0,0,0,0,0,0,0,0,0,0,0,0,0,0,0,0,0,0,0,0,0,0
A,ENEMY_I002_I214,ITM,,ENEMY,0.0,1.0,,6500,1.0,0.0,0.0,0.0,0.0,6500,0,0,0,0,0,0,0,0,0,0,0,0,0,0,0,0,0,0,0,0,0,0,0,0,0,0,0,0,0,0,0,0,0,0,0,0
A,ENEMY_I002_I215,ITM,,ENEMY,0.0,1.0,,6500,1.0,0.0,1.0,0.036,0.187,6264,236,0,0,0,0,0,0,0,0,0,0,0,0,0,0,0,0,0,0,0,0,0,0,0,0,0,0,0,0,0,0,0,0,0,0,0
A,ENEMY_I003_I062,ITM,,ENEMY,0.0,1.0,,6500,1.0,1.0,1.0,1.0,0.0,0,6500,0,0,0,0,0,0,0,0,0,0,0,0,0,0,0,0,0,0,0,0,0,0,0,0,0,0,0,0,0,0,0,0,0,0,0
A,ENEMY_I003_I214,ITM,,ENEMY,0.0,1.0,,6500,1.0,0.0,1.0,0.989,0.105,73,6427,0,0,0,0,0,0,0,0,0,0,0,0,0,0,0,0,0,0,0,0,0,0,0,0,0,0,0,0,0,0,0,0,0,0,0
A,ENEMY_I005_I006,ITM,,ENEMY,0.0,1.0,,6500,1.0,0.0,0.0,0.0,0.0,6500,0,0,0,0,0,0,0,0,0,0,0,0,0,0,0,0,0,0,0,0,0,0,0,0,0,0,0,0,0,0,0,0,0,0,0,0
A,ENEMY_I005_I007,ITM,,ENEMY,0.0,1.0,,6500,1.0,0.0,1.0,0.363,0.481,4141,2359,0,0,0,0,0,0,0,0,0,0,0,0,0,0,0,0,0,0,0,0,0,0,0,0,0,0,0,0,0,0,0,0,0,0,0
A,ENEMY_I005_I008,ITM,,ENEMY,0.0,1.0,,6500,1.0,0.0,1.0,0.001,0.025,6496,4,0,0,0,0,0,0,0,0,0,0,0,0,0,0,0,0,0,0,0,0,0,0,0,0,0,0,0,0,0,0,0,0,0,0,0
A,ENEMY_I006_I007,ITM,,ENEMY,0.0,1.0,,6500,1.0,0.0,1.0,0.363,0.481,4141,2359,0,0,0,0,0,0,0,0,0,0,0,0,0,0,0,0,0,0,0,0,0,0,0,0,0,0,0,0,0,0,0,0,0,0,0
A,ENEMY_I007_I008,ITM,,ENEMY,0.0,1.0,,6500,1.0,0.0,1.0,0.364,0.481,4137,2363,0,0,0,0,0,0,0,0,0,0,0,0,0,0,0,0,0,0,0,0,0,0,0,0,0,0,0,0,0,0,0,0,0,0,0
A,ENEMY_I009_I294,ITM,,ENEMY,0.0,1.0,,6500,1.0,0.0,1.0,0.105,0.307,5816,684,0,0,0,0,0,0,0,0,0,0,0,0,0,0,0,0,0,0,0,0,0,0,0,0,0,0,0,0,0,0,0,0,0,0,0
A,ENEMY_I010_I149,ITM,,ENEMY,0.0,1.0,,6500,1.0,0.0,1.0,0.506,0.5,3208,3292,0,0,0,0,0,0,0,0,0,0,0,0,0,0,0,0,0,0,0,0,0,0,0,0,0,0,0,0,0,0,0,0,0,0,0
A,ENEMY_I010_I179,ITM,,ENEMY,0.0,1.0,,6500,1.0,0.0,1.0,0.549,0.498,2932,3568,0,0,0,0,0,0,0,0,0,0,0,0,0,0,0,0,0,0,0,0,0,0,0,0,0,0,0,0,0,0,0,0,0,0,0
A,ENEMY_I010_I184,ITM,,ENEMY,0.0,1.0,,6500,1.0,0.0,1.0,0.54,0.498,2992,3508,0,0,0,0,0,0,0,0,0,0,0,0,0,0,0,0,0,0,0,0,0,0,0,0,0,0,0,0,0,0,0,0,0,0,0
A,ENEMY_I010_I287,ITM,,ENEMY,0.0,1.0,,6500,1.0,0.0,1.0,0.549,0.498,2932,3568,0,0,0,0,0,0,0,0,0,0,0,0,0,0,0,0,0,0,0,0,0,0,0,0,0,0,0,0,0,0,0,0,0,0,0
A,ENEMY_I010_I348,ITM,,ENEMY,0.0,1.0,,6500,1.0,0.0,1.0,0.542,0.498,2979,3521,0,0,0,0,0,0,0,0,0,0,0,0,0,0,0,0,0,0,0,0,0,0,0,0,0,0,0,0,0,0,0,0,0,0,0
A,ENEMY_I010_I394,ITM,,ENEMY,0.0,1.0,,6500,1.0,0.0,1.0,0.545,0.498,2957,3543,0,0,0,0,0,0,0,0,0,0,0,0,0,0,0,0,0,0,0,0,0,0,0,0,0,0,0,0,0,0,0,0,0,0,0
A,ENEMY_I011_I012,ITM,,ENEMY,0.0,1.0,,6500,1.0,0.0,1.0,0.492,0.5,3299,3201,0,0,0,0,0,0,0,0,0,0,0,0,0,0,0,0,0,0,0,0,0,0,0,0,0,0,0,0,0,0,0,0,0,0,0
A,ENEMY_I011_I015,ITM,,ENEMY,0.0,1.0,,6500,1.0,0.0,1.0,0.423,0.494,3748,2752,0,0,0,0,0,0,0,0,0,0,0,0,0,0,0,0,0,0,0,0,0,0,0,0,0,0,0,0,0,0,0,0,0,0,0
A,ENEMY_I011_I277,ITM,,ENEMY,0.0,1.0,,6500,1.0,0.0,1.0,0.424,0.494,3746,2754,0,0,0,0,0,0,0,0,0,0,0,0,0,0,0,0,0,0,0,0,0,0,0,0,0,0,0,0,0,0,0,0,0,0,0
A,ENEMY_I012_I221,ITM,,ENEMY,0.0,1.0,,6500,1.0,0.0,1.0,0.131,0.338,5648,852,0,0,0,0,0,0,0,0,0,0,0,0,0,0,0,0,0,0,0,0,0,0,0,0,0,0,0,0,0,0,0,0,0,0,0
A,ENEMY_I013_I014,ITM,,ENEMY,0.0,1.0,,6500,1.0,0.0,0.0,0.0,0.0,6500,0,0,0,0,0,0,0,0,0,0,0,0,0,0,0,0,0,0,0,0,0,0,0,0,0,0,0,0,0,0,0,0,0,0,0,0
A,ENEMY_I013_I015,ITM,,ENEMY,0.0,1.0,,6500,1.0,0.0,0.0,0.0,0.0,6500,0,0,0,0,0,0,0,0,0,0,0,0,0,0,0,0,0,0,0,0,0,0,0,0,0,0,0,0,0,0,0,0,0,0,0,0
A,ENEMY_I013_I016,ITM,,ENEMY,0.0,1.0,,6500,1.0,0.0,1.0,0.637,0.481,2359,4141,0,0,0,0,0,0,0,0,0,0,0,0,0,0,0,0,0,0,0,0,0,0,0,0,0,0,0,0,0,0,0,0,0,0,0
A,ENEMY_I013_I277,ITM,,ENEMY,0.0,1.0,,6500,1.0,0.0,1.0,0.0,0.018,6498,2,0,0,0,0,0,0,0,0,0,0,0,0,0,0,0,0,0,0,0,0,0,0,0,0,0,0,0,0,0,0,0,0,0,0,0
A,ENEMY_I014_I015,ITM,,ENEMY,0.0,1.0,,6500,1.0,0.0,0.0,0.0,0.0,6500,0,0,0,0,0,0,0,0,0,0,0,0,0,0,0,0,0,0,0,0,0,0,0,0,0,0,0,0,0,0,0,0,0,0,0,0
A,ENEMY_I014_I016,ITM,,ENEMY,0.0,1.0,,6500,1.0,0.0,1.0,0.637,0.481,2359,4141,0,0,0,0,0,0,0,0,0,0,0,0,0,0,0,0,0,0,0,0,0,0,0,0,0,0,0,0,0,0,0,0,0,0,0
A,ENEMY_I014_I222,ITM,,ENEMY,0.0,1.0,,6500,1.0,0.0,1.0,0.041,0.197,6236,264,0,0,0,0,0,0,0,0,0,0,0,0,0,0,0,0,0,0,0,0,0,0,0,0,0,0,0,0,0,0,0,0,0,0,0
A,ENEMY_I015_I016,ITM,,ENEMY,0.0,1.0,,6500,1.0,0.0,1.0,0.637,0.481,2359,4141,0,0,0,0,0,0,0,0,0,0,0,0,0,0,0,0,0,0,0,0,0,0,0,0,0,0,0,0,0,0,0,0,0,0,0
A,ENEMY_I015_I277,ITM,,ENEMY,0.0,1.0,,6500,1.0,0.0,1.0,0.0,0.018,6498,2,0,0,0,0,0,0,0,0,0,0,0,0,0,0,0,0,0,0,0,0,0,0,0,0,0,0,0,0,0,0,0,0,0,0,0
A,ENEMY_I017_I018,ITM,,ENEMY,0.0,1.0,,6500,1.0,0.0,1.0,0.0,0.012,6499,1,0,0,0,0,0,0,0,0,0,0,0,0,0,0,0,0,0,0,0,0,0,0,0,0,0,0,0,0,0,0,0,0,0,0,0
A,ENEMY_I017_I019,ITM,,ENEMY,0.0,1.0,,6500,1.0,0.0,1.0,0.0,0.012,6499,1,0,0,0,0,0,0,0,0,0,0,0,0,0,0,0,0,0,0,0,0,0,0,0,0,0,0,0,0,0,0,0,0,0,0,0
A,ENEMY_I017_I020,ITM,,ENEMY,0.0,1.0,,6500,1.0,0.0,1.0,0.0,0.012,6499,1,0,0,0,0,0,0,0,0,0,0,0,0,0,0,0,0,0,0,0,0,0,0,0,0,0,0,0,0,0,0,0,0,0,0,0
A,ENEMY_I017_I224,ITM,,ENEMY,0.0,1.0,,6500,1.0,0.0,1.0,0.041,0.197,6236,264,0,0,0,0,0,0,0,0,0,0,0,0,0,0,0,0,0,0,0,0,0,0,0,0,0,0,0,0,0,0,0,0,0,0,0
A,ENEMY_I018_I019,ITM,,ENEMY,0.0,1.0,,6500,1.0,0.0,0.0,0.0,0.0,6500,0,0,0,0,0,0,0,0,0,0,0,0,0,0,0,0,0,0,0,0,0,0,0,0,0,0,0,0,0,0,0,0,0,0,0,0
A,ENEMY_I018_I020,ITM,,ENEMY,0.0,1.0,,6500,1.0,0.0,0.0,0.0,0.0,6500,0,0,0,0,0,0,0,0,0,0,0,0,0,0,0,0,0,0,0,0,0,0,0,0,0,0,0,0,0,0,0,0,0,0,0,0
A,ENEMY_I019_I020,ITM,,ENEMY,0.0,1.0,,6500,1.0,0.0,0.0,0.0,0.0,6500,0,0,0,0,0,0,0,0,0,0,0,0,0,0,0,0,0,0,0,0,0,0,0,0,0,0,0,0,0,0,0,0,0,0,0,0
A,ENEMY_I021_I023,ITM,,ENEMY,0.0,1.0,,6500,1.0,0.0,1.0,0.036,0.186,6266,234,0,0,0,0,0,0,0,0,0,0,0,0,0,0,0,0,0,0,0,0,0,0,0,0,0,0,0,0,0,0,0,0,0,0,0
A,ENEMY_I021_I229,ITM,,ENEMY,0.0,1.0,,6500,1.0,0.0,1.0,0.049,0.216,6182,318,0,0,0,0,0,0,0,0,0,0,0,0,0,0,0,0,0,0,0,0,0,0,0,0,0,0,0,0,0,0,0,0,0,0,0
A,ENEMY_I023_I228,ITM,,ENEMY,0.0,1.0,,6500,1.0,0.0,1.0,0.077,0.266,6002,498,0,0,0,0,0,0,0,0,0,0,0,0,0,0,0,0,0,0,0,0,0,0,0,0,0,0,0,0,0,0,0,0,0,0,0
A,ENEMY_I023_I229,ITM,,ENEMY,0.0,1.0,,6500,1.0,0.0,1.0,0.073,0.26,6028,472,0,0,0,0,0,0,0,0,0,0,0,0,0,0,0,0,0,0,0,0,0,0,0,0,0,0,0,0,0,0,0,0,0,0,0
A,ENEMY_I027_I029,ITM,,ENEMY,0.0,1.0,,6500,1.0,0.0,1.0,0.846,0.361,1000,5500,0,0,0,0,0,0,0,0,0,0,0,0,0,0,0,0,0,0,0,0,0,0,0,0,0,0,0,0,0,0,0,0,0,0,0
A,ENEMY_I027_I233,ITM,,ENEMY,0.0,1.0,,6500,1.0,0.0,1.0,0.246,0.431,4899,1601,0,0,0,0,0,0,0,0,0,0,0,0,0,0,0,0,0,0,0,0,0,0,0,0,0,0,0,0,0,0,0,0,0,0,0
A,ENEMY_I028_I236,ITM,,ENEMY,0.0,1.0,,6500,1.0,0.0,1.0,0.959,0.198,265,6235,0,0,0,0,0,0,0,0,0,0,0,0,0,0,0,0,0,0,0,0,0,0,0,0,0,0,0,0,0,0,0,0,0,0,0
A,ENEMY_I029_I233,ITM,,ENEMY,0.0,1.0,,6500,1.0,0.0,1.0,0.6,0.49,2599,3901,0,0,0,0,0,0,0,0,0,0,0,0,0,0,0,0,0,0,0,0,0,0,0,0,0,0,0,0,0,0,0,0,0,0,0
A,ENEMY_I029_I234,ITM,,ENEMY,0.0,1.0,,6500,1.0,0.0,1.0,0.627,0.484,2425,4075,0,0,0,0,0,0,0,0,0,0,0,0,0,0,0,0,0,0,0,0,0,0,0,0,0,0,0,0,0,0,0,0,0,0,0
A,ENEMY_I030_I072,ITM,,ENEMY,0.0,1.0,,6500,1.0,0.0,1.0,0.956,0.206,288,6212,0,0,0,0,0,0,0,0,0,0,0,0,0,0,0,0,0,0,0,0,0,0,0,0,0,0,0,0,0,0,0,0,0,0,0
A,ENEMY_I030_I237,ITM,,ENEMY,0.0,1.0,,6500,1.0,0.0,1.0,0.065,0.247,6077,423,0,0,0,0,0,0,0,0,0,0,0,0,0,0,0,0,0,0,0,0,0,0,0,0,0,0,0,0,0,0,0,0,0,0,0
A,ENEMY_I031_I072,ITM,,ENEMY,0.0,1.0,,6500,1.0,0.0,1.0,0.973,0.162,175,6325,0,0,0,0,0,0,0,0,0,0,0,0,0,0,0,0,0,0,0,0,0,0,0,0,0,0,0,0,0,0,0,0,0,0,0
A,ENEMY_I031_I131,ITM,,ENEMY,0.0,1.0,,6500,1.0,0.0,1.0,0.155,0.362,5492,1008,0,0,0,0,0,0,0,0,0,0,0,0,0,0,0,0,0,0,0,0,0,0,0,0,0,0,0,0,0,0,0,0,0,0,0
A,ENEMY_I031_I237,ITM,,ENEMY,0.0,1.0,,6500,1.0,0.0,1.0,0.082,0.275,5964,536,0,0,0,0,0,0,0,0,0,0,0,0,0,0,0,0,0,0,0,0,0,0,0,0,0,0,0,0,0,0,0,0,0,0,0
A,ENEMY_I032_I034,ITM,,ENEMY,0.0,1.0,,6500,1.0,0.0,1.0,0.997,0.054,19,6481,0,0,0,0,0,0,0,0,0,0,0,0,0,0,0,0,0,0,0,0,0,0,0,0,0,0,0,0,0,0,0,0,0,0,0
A,ENEMY_I033_I034,ITM,,ENEMY,0.0,1.0,,6500,1.0,0.0,1.0,0.503,0.5,3232,3268,0,0,0,0,0,0,0,0,0,0,0,0,0,0,0,0,0,0,0,0,0,0,0,0,0,0,0,0,0,0,0,0,0,0,0
A,ENEMY_I033_I105,ITM,,ENEMY,0.0,1.0,,6500,1.0,0.0,1.0,0.859,0.348,915,5585,0,0,0,0,0,0,0,0,0,0,0,0,0,0,0,0,0,0,0,0,0,0,0,0,0,0,0,0,0,0,0,0,0,0,0
A,ENEMY_I033_I238,ITM,,ENEMY,0.0,1.0,,6500,1.0,0.0,1.0,0.048,0.214,6186,314,0,0,0,0,0,0,0,0,0,0,0,0,0,0,0,0,0,0,0,0,0,0,0,0,0,0,0,0,0,0,0,0,0,0,0
A,ENEMY_I033_I337,ITM,,ENEMY,0.0,1.0,,6500,1.0,0.0,1.0,0.02,0.141,6368,132,0,0,0,0,0,0,0,0,0,0,0,0,0,0,0,0,0,0,0,0,0,0,0,0,0,0,0,0,0,0,0,0,0,0,0
A,ENEMY_I035_I240,ITM,,ENEMY,0.0,1.0,,6500,1.0,0.0,1.0,0.049,0.216,6181,319,0,0,0,0,0,0,0,0,0,0,0,0,0,0,0,0,0,0,0,0,0,0,0,0,0,0,0,0,0,0,0,0,0,0,0
A,ENEMY_I036_I072,ITM,,ENEMY,0.0,1.0,,6500,1.0,0.0,1.0,0.944,0.23,365,6135,0,0,0,0,0,0,0,0,0,0,0,0,0,0,0,0,0,0,0,0,0,0,0,0,0,0,0,0,0,0,0,0,0,0,0
A,ENEMY_I036_I244,ITM,,ENEMY,0.0,1.0,,6500,1.0,0.0,1.0,0.043,0.203,6221,279,0,0,0,0,0,0,0,0,0,0,0,0,0,0,0,0,0,0,0,0,0,0,0,0,0,0,0,0,0,0,0,0,0,0,0
A,ENEMY_I037_I038,ITM,,ENEMY,0.0,1.0,,6500,1.0,0.0,1.0,0.324,0.468,4391,2109,0,0,0,0,0,0,0,0,0,0,0,0,0,0,0,0,0,0,0,0,0,0,0,0,0,0,0,0,0,0,0,0,0,0,0
A,ENEMY_I037_I039,ITM,,ENEMY,0.0,1.0,,6500,1.0,0.0,1.0,0.29,0.454,4618,1882,0,0,0,0,0,0,0,0,0,0,0,0,0,0,0,0,0,0,0,0,0,0,0,0,0,0,0,0,0,0,0,0,0,0,0
A,ENEMY_I037_I040,ITM,,ENEMY,0.0,1.0,,6500,1.0,0.0,1.0,0.745,0.436,1659,4841,0,0,0,0,0,0,0,0,0,0,0,0,0,0,0,0,0,0,0,0,0,0,0,0,0,0,0,0,0,0,0,0,0,0,0
A,ENEMY_I037_I042,ITM,,ENEMY,0.0,1.0,,6500,1.0,0.0,1.0,0.287,0.453,4633,1867,0,0,0,0,0,0,0,0,0,0,0,0,0,0,0,0,0,0,0,0,0,0,0,0,0,0,0,0,0,0,0,0,0,0,0
A,ENEMY_I037_I081,ITM,,ENEMY,0.0,1.0,,6500,1.0,0.0,1.0,0.552,0.497,2914,3586,0,0,0,0,0,0,0,0,0,0,0,0,0,0,0,0,0,0,0,0,0,0,0,0,0,0,0,0,0,0,0,0,0,0,0
A,ENEMY_I037_I101,ITM,,ENEMY,0.0,1.0,,6500,1.0,0.0,1.0,0.579,0.494,2735,3765,0,0,0,0,0,0,0,0,0,0,0,0,0,0,0,0,0,0,0,0,0,0,0,0,0,0,0,0,0,0,0,0,0,0,0
A,ENEMY_I037_I245,ITM,,ENEMY,0.0,1.0,,6500,1.0,0.0,1.0,0.308,0.462,4497,2003,0,0,0,0,0,0,0,0,0,0,0,0,0,0,0,0,0,0,0,0,0,0,0,0,0,0,0,0,0,0,0,0,0,0,0
A,ENEMY_I037_I250,ITM,,ENEMY,0.0,1.0,,6500,1.0,0.0,1.0,0.327,0.469,4372,2128,0,0,0,0,0,0,0,0,0,0,0,0,0,0,0,0,0,0,0,0,0,0,0,0,0,0,0,0,0,0,0,0,0,0,0
A,ENEMY_I038_I039,ITM,,ENEMY,0.0,1.0,,6500,1.0,0.0,1.0,0.04,0.195,6243,257,0,0,0,0,0,0,0,0,0,0,0,0,0,0,0,0,0,0,0,0,0,0,0,0,0,0,0,0,0,0,0,0,0,0,0
A,ENEMY_I038_I040,ITM,,ENEMY,0.0,1.0,,6500,1.0,0.0,1.0,0.495,0.5,3284,3216,0,0,0,0,0,0,0,0,0,0,0,0,0,0,0,0,0,0,0,0,0,0,0,0,0,0,0,0,0,0,0,0,0,0,0
A,ENEMY_I038_I041,ITM,,ENEMY,0.0,1.0,,6500,1.0,0.0,1.0,0.227,0.419,5022,1478,0,0,0,0,0,0,0,0,0,0,0,0,0,0,0,0,0,0,0,0,0,0,0,0,0,0,0,0,0,0,0,0,0,0,0
A,ENEMY_I038_I042,ITM,,ENEMY,0.0,1.0,,6500,1.0,0.0,1.0,0.037,0.189,6258,242,0,0,0,0,0,0,0,0,0,0,0,0,0,0,0,0,0,0,0,0,0,0,0,0,0,0,0,0,0,0,0,0,0,0,0
A,ENEMY_I038_I251,ITM,,ENEMY,0.0,1.0,,6500,1.0,0.0,1.0,0.09,0.286,5915,585,0,0,0,0,0,0,0,0,0,0,0,0,0,0,0,0,0,0,0,0,0,0,0,0,0,0,0,0,0,0,0,0,0,0,0
A,ENEMY_I039_I040,ITM,,ENEMY,0.0,1.0,,6500,1.0,0.0,1.0,0.46,0.498,3511,2989,0,0,0,0,0,0,0,0,0,0,0,0,0,0,0,0,0,0,0,0,0,0,0,0,0,0,0,0,0,0,0,0,0,0,0
A,ENEMY_I039_I042,ITM,,ENEMY,0.0,1.0,,6500,1.0,0.0,1.0,0.002,0.048,6485,15,0,0,0,0,0,0,0,0,0,0,0,0,0,0,0,0,0,0,0,0,0,0,0,0,0,0,0,0,0,0,0,0,0,0,0
A,ENEMY_I040_I042,ITM,,ENEMY,0.0,1.0,,6500,1.0,0.0,1.0,0.458,0.498,3526,2974,0,0,0,0,0,0,0,0,0,0,0,0,0,0,0,0,0,0,0,0,0,0,0,0,0,0,0,0,0,0,0,0,0,0,0
A,ENEMY_I040_I048,ITM,,ENEMY,0.0,1.0,,6500,1.0,0.0,1.0,0.458,0.498,3526,2974,0,0,0,0,0,0,0,0,0,0,0,0,0,0,0,0,0,0,0,0,0,0,0,0,0,0,0,0,0,0,0,0,0,0,0
A,ENEMY_I041_I052,ITM,,ENEMY,0.0,1.0,,6500,1.0,0.0,1.0,0.213,0.409,5117,1383,0,0,0,0,0,0,0,0,0,0,0,0,0,0,0,0,0,0,0,0,0,0,0,0,0,0,0,0,0,0,0,0,0,0,0
A,ENEMY_I042_I251,ITM,,ENEMY,0.0,1.0,,6500,1.0,0.0,1.0,0.053,0.224,6157,343,0,0,0,0,0,0,0,0,0,0,0,0,0,0,0,0,0,0,0,0,0,0,0,0,0,0,0,0,0,0,0,0,0,0,0
A,ENEMY_I047_I327,ITM,,ENEMY,0.0,1.0,,6500,1.0,0.0,1.0,0.075,0.263,6015,485,0,0,0,0,0,0,0,0,0,0,0,0,0,0,0,0,0,0,0,0,0,0,0,0,0,0,0,0,0,0,0,0,0,0,0
A,ENEMY_I049_I051,ITM,,ENEMY,0.0,1.0,,6500,1.0,0.0,1.0,0.001,0.025,6496,4,0,0,0,0,0,0,0,0,0,0,0,0,0,0,0,0,0,0,0,0,0,0,0,0,0,0,0,0,0,0,0,0,0,0,0
A,ENEMY_I049_I253,ITM,,ENEMY,0.0,1.0,,6500,1.0,0.0,1.0,0.044,0.205,6215,285,0,0,0,0,0,0,0,0,0,0,0,0,0,0,0,0,0,0,0,0,0,0,0,0,0,0,0,0,0,0,0,0,0,0,0
A,ENEMY_I050_I254,ITM,,ENEMY,0.0,1.0,,6500,1.0,0.0,1.0,0.323,0.468,4401,2099,0,0,0,0,0,0,0,0,0,0,0,0,0,0,0,0,0,0,0,0,0,0,0,0,0,0,0,0,0,0,0,0,0,0,0
A,ENEMY_I051_I253,ITM,,ENEMY,0.0,1.0,,6500,1.0,0.0,1.0,0.044,0.206,6211,289,0,0,0,0,0,0,0,0,0,0,0,0,0,0,0,0,0,0,0,0,0,0,0,0,0,0,0,0,0,0,0,0,0,0,0
A,ENEMY_I051_I255,ITM,,ENEMY,0.0,1.0,,6500,1.0,0.0,1.0,0.044,0.205,6214,286,0,0,0,0,0,0,0,0,0,0,0,0,0,0,0,0,0,0,0,0,0,0,0,0,0,0,0,0,0,0,0,0,0,0,0
A,ENEMY_I053_I257,ITM,,ENEMY,0.0,1.0,,6500,1.0,0.0,1.0,0.046,0.208,6204,296,0,0,0,0,0,0,0,0,0,0,0,0,0,0,0,0,0,0,0,0,0,0,0,0,0,0,0,0,0,0,0,0,0,0,0
A,ENEMY_I053_I259,ITM,,ENEMY,0.0,1.0,,6500,1.0,0.0,1.0,0.038,0.19,6255,245,0,0,0,0,0,0,0,0,0,0,0,0,0,0,0,0,0,0,0,0,0,0,0,0,0,0,0,0,0,0,0,0,0,0,0
A,ENEMY_I053_I260,ITM,,ENEMY,0.0,1.0,,6500,1.0,0.0,1.0,0.053,0.225,6154,346,0,0,0,0,0,0,0,0,0,0,0,0,0,0,0,0,0,0,0,0,0,0,0,0,0,0,0,0,0,0,0,0,0,0,0
A,ENEMY_I054_I055,ITM,,ENEMY,0.0,1.0,,6500,1.0,0.0,1.0,0.008,0.091,6446,54,0,0,0,0,0,0,0,0,0,0,0,0,0,0,0,0,0,0,0,0,0,0,0,0,0,0,0,0,0,0,0,0,0,0,0
A,ENEMY_I054_I116,ITM,,ENEMY,0.0,1.0,,6500,1.0,0.0,1.0,0.169,0.375,5401,1099,0,0,0,0,0,0,0,0,0,0,0,0,0,0,0,0,0,0,0,0,0,0,0,0,0,0,0,0,0,0,0,0,0,0,0
A,ENEMY_I054_I258,ITM,,ENEMY,0.0,1.0,,6500,1.0,0.0,1.0,0.051,0.219,6171,329,0,0,0,0,0,0,0,0,0,0,0,0,0,0,0,0,0,0,0,0,0,0,0,0,0,0,0,0,0,0,0,0,0,0,0
A,ENEMY_I055_I258,ITM,,ENEMY,0.0,1.0,,6500,1.0,0.0,1.0,0.059,0.235,6117,383,0,0,0,0,0,0,0,0,0,0,0,0,0,0,0,0,0,0,0,0,0,0,0,0,0,0,0,0,0,0,0,0,0,0,0
A,ENEMY_I057_I186,ITM,,ENEMY,0.0,1.0,,6500,1.0,0.0,1.0,0.011,0.104,6429,71,0,0,0,0,0,0,0,0,0,0,0,0,0,0,0,0,0,0,0,0,0,0,0,0,0,0,0,0,0,0,0,0,0,0,0
A,ENEMY_I057_I187,ITM,,ENEMY,0.0,1.0,,6500,1.0,0.0,1.0,0.002,0.05,6484,16,0,0,0,0,0,0,0,0,0,0,0,0,0,0,0,0,0,0,0,0,0,0,0,0,0,0,0,0,0,0,0,0,0,0,0
A,ENEMY_I059_I060,ITM,,ENEMY,0.0,1.0,,6500,1.0,0.0,1.0,0.027,0.161,6326,174,0,0,0,0,0,0,0,0,0,0,0,0,0,0,0,0,0,0,0,0,0,0,0,0,0,0,0,0,0,0,0,0,0,0,0
A,ENEMY_I059_I109,ITM,,ENEMY,0.0,1.0,,6500,1.0,0.0,1.0,0.027,0.161,6326,174,0,0,0,0,0,0,0,0,0,0,0,0,0,0,0,0,0,0,0,0,0,0,0,0,0,0,0,0,0,0,0,0,0,0,0
A,ENEMY_I059_I279,ITM,,ENEMY,0.0,1.0,,6500,1.0,0.0,1.0,0.126,0.332,5681,819,0,0,0,0,0,0,0,0,0,0,0,0,0,0,0,0,0,0,0,0,0,0,0,0,0,0,0,0,0,0,0,0,0,0,0
A,ENEMY_I060_I109,ITM,,ENEMY,0.0,1.0,,6500,1.0,0.0,0.0,0.0,0.0,6500,0,0,0,0,0,0,0,0,0,0,0,0,0,0,0,0,0,0,0,0,0,0,0,0,0,0,0,0,0,0,0,0,0,0,0,0
A,ENEMY_I060_I181,ITM,,ENEMY,0.0,1.0,,6500,1.0,0.0,0.0,0.0,0.0,6500,0,0,0,0,0,0,0,0,0,0,0,0,0,0,0,0,0,0,0,0,0,0,0,0,0,0,0,0,0,0,0,0,0,0,0,0
A,ENEMY_I060_I188,ITM,,ENEMY,0.0,1.0,,6500,1.0,0.0,1.0,0.187,0.39,5286,1214,0,0,0,0,0,0,0,0,0,0,0,0,0,0,0,0,0,0,0,0,0,0,0,0,0,0,0,0,0,0,0,0,0,0,0
A,ENEMY_I060_I189,ITM,,ENEMY,0.0,1.0,,6500,1.0,0.0,1.0,0.811,0.392,1230,5270,0,0,0,0,0,0,0,0,0,0,0,0,0,0,0,0,0,0,0,0,0,0,0,0,0,0,0,0,0,0,0,0,0,0,0
A,ENEMY_I060_I191,ITM,,ENEMY,0.0,1.0,,6500,1.0,0.0,0.0,0.0,0.0,6500,0,0,0,0,0,0,0,0,0,0,0,0,0,0,0,0,0,0,0,0,0,0,0,0,0,0,0,0,0,0,0,0,0,0,0,0
A,ENEMY_I060_I192,ITM,,ENEMY,0.0,1.0,,6500,1.0,0.0,1.0,0.649,0.477,2279,4221,0,0,0,0,0,0,0,0,0,0,0,0,0,0,0,0,0,0,0,0,0,0,0,0,0,0,0,0,0,0,0,0,0,0,0
A,ENEMY_I060_I399,ITM,,ENEMY,0.0,1.0,,6500,1.0,0.0,1.0,0.0,0.012,6499,1,0,0,0,0,0,0,0,0,0,0,0,0,0,0,0,0,0,0,0,0,0,0,0,0,0,0,0,0,0,0,0,0,0,0,0
A,ENEMY_I061_I065,ITM,,ENEMY,0.0,1.0,,6500,1.0,0.0,1.0,0.964,0.186,232,6268,0,0,0,0,0,0,0,0,0,0,0,0,0,0,0,0,0,0,0,0,0,0,0,0,0,0,0,0,0,0,0,0,0,0,0
A,ENEMY_I061_I068,ITM,,ENEMY,0.0,1.0,,6500,1.0,0.0,1.0,0.878,0.328,796,5704,0,0,0,0,0,0,0,0,0,0,0,0,0,0,0,0,0,0,0,0,0,0,0,0,0,0,0,0,0,0,0,0,0,0,0
A,ENEMY_I062_I214,ITM,,ENEMY,0.0,1.0,,6500,1.0,0.0,1.0,0.011,0.105,6427,73,0,0,0,0,0,0,0,0,0,0,0,0,0,0,0,0,0,0,0,0,0,0,0,0,0,0,0,0,0,0,0,0,0,0,0
A,ENEMY_I064_I065,ITM,,ENEMY,0.0,1.0,,6500,1.0,0.0,1.0,0.742,0.437,1674,4826,0,0,0,0,0,0,0,0,0,0,0,0,0,0,0,0,0,0,0,0,0,0,0,0,0,0,0,0,0,0,0,0,0,0,0
A,ENEMY_I065_I068,ITM,,ENEMY,0.0,1.0,,6500,1.0,0.0,1.0,0.088,0.284,5926,574,0,0,0,0,0,0,0,0,0,0,0,0,0,0,0,0,0,0,0,0,0,0,0,0,0,0,0,0,0,0,0,0,0,0,0
A,ENEMY_I065_I268,ITM,,ENEMY,0.0,1.0,,6500,1.0,0.0,1.0,0.144,0.351,5564,936,0,0,0,0,0,0,0,0,0,0,0,0,0,0,0,0,0,0,0,0,0,0,0,0,0,0,0,0,0,0,0,0,0,0,0
A,ENEMY_I065_I278,ITM,,ENEMY,0.0,1.0,,6500,1.0,0.0,1.0,0.123,0.328,5701,799,0,0,0,0,0,0,0,0,0,0,0,0,0,0,0,0,0,0,0,0,0,0,0,0,0,0,0,0,0,0,0,0,0,0,0
A,ENEMY_I065_I383,ITM,,ENEMY,0.0,1.0,,6500,1.0,0.0,1.0,0.143,0.35,5570,930,0,0,0,0,0,0,0,0,0,0,0,0,0,0,0,0,0,0,0,0,0,0,0,0,0,0,0,0,0,0,0,0,0,0,0
A,ENEMY_I066_I067,ITM,,ENEMY,0.0,1.0,,6500,1.0,0.0,1.0,0.06,0.237,6113,387,0,0,0,0,0,0,0,0,0,0,0,0,0,0,0,0,0,0,0,0,0,0,0,0,0,0,0,0,0,0,0,0,0,0,0
A,ENEMY_I066_I068,ITM,,ENEMY,0.0,1.0,,6500,1.0,0.0,1.0,0.046,0.21,6198,302,0,0,0,0,0,0,0,0,0,0,0,0,0,0,0,0,0,0,0,0,0,0,0,0,0,0,0,0,0,0,0,0,0,0,0
A,ENEMY_I067_I096,ITM,,ENEMY,0.0,1.0,,6500,1.0,0.0,1.0,0.08,0.272,5979,521,0,0,0,0,0,0,0,0,0,0,0,0,0,0,0,0,0,0,0,0,0,0,0,0,0,0,0,0,0,0,0,0,0,0,0
A,ENEMY_I067_I173,ITM,,ENEMY,0.0,1.0,,6500,1.0,0.0,1.0,0.02,0.14,6370,130,0,0,0,0,0,0,0,0,0,0,0,0,0,0,0,0,0,0,0,0,0,0,0,0,0,0,0,0,0,0,0,0,0,0,0
A,ENEMY_I069_I070,ITM,,ENEMY,0.0,1.0,,6500,1.0,0.0,1.0,0.084,0.278,5951,549,0,0,0,0,0,0,0,0,0,0,0,0,0,0,0,0,0,0,0,0,0,0,0,0,0,0,0,0,0,0,0,0,0,0,0
A,ENEMY_I069_I073,ITM,,ENEMY,0.0,1.0,,6500,1.0,0.0,1.0,0.619,0.486,2478,4022,0,0,0,0,0,0,0,0,0,0,0,0,0,0,0,0,0,0,0,0,0,0,0,0,0,0,0,0,0,0,0,0,0,0,0
A,ENEMY_I069_I237,ITM,,ENEMY,0.0,1.0,,6500,1.0,0.0,1.0,0.054,0.227,6146,354,0,0,0,0,0,0,0,0,0,0,0,0,0,0,0,0,0,0,0,0,0,0,0,0,0,0,0,0,0,0,0,0,0,0,0
A,ENEMY_I069_I330,ITM,,ENEMY,0.0,1.0,,6500,1.0,0.0,1.0,0.125,0.331,5687,813,0,0,0,0,0,0,0,0,0,0,0,0,0,0,0,0,0,0,0,0,0,0,0,0,0,0,0,0,0,0,0,0,0,0,0
A,ENEMY_I070_I073,ITM,,ENEMY,0.0,1.0,,6500,1.0,0.0,1.0,0.701,0.458,1945,4555,0,0,0,0,0,0,0,0,0,0,0,0,0,0,0,0,0,0,0,0,0,0,0,0,0,0,0,0,0,0,0,0,0,0,0
A,ENEMY_I070_I283,ITM,,ENEMY,0.0,1.0,,6500,1.0,0.0,1.0,0.103,0.303,5833,667,0,0,0,0,0,0,0,0,0,0,0,0,0,0,0,0,0,0,0,0,0,0,0,0,0,0,0,0,0,0,0,0,0,0,0
A,ENEMY_I071_I072,ITM,,ENEMY,0.0,1.0,,6500,1.0,0.0,1.0,0.944,0.23,365,6135,0,0,0,0,0,0,0,0,0,0,0,0,0,0,0,0,0,0,0,0,0,0,0,0,0,0,0,0,0,0,0,0,0,0,0
A,ENEMY_I071_I078,ITM,,ENEMY,0.0,1.0,,6500,1.0,0.0,1.0,0.399,0.49,3906,2594,0,0,0,0,0,0,0,0,0,0,0,0,0,0,0,0,0,0,0,0,0,0,0,0,0,0,0,0,0,0,0,0,0,0,0
A,ENEMY_I071_I080,ITM,,ENEMY,0.0,1.0,,6500,1.0,0.0,1.0,0.295,0.456,4582,1918,0,0,0,0,0,0,0,0,0,0,0,0,0,0,0,0,0,0,0,0,0,0,0,0,0,0,0,0,0,0,0,0,0,0,0
A,ENEMY_I071_I174,ITM,,ENEMY,0.0,1.0,,6500,1.0,0.0,1.0,0.44,0.496,3639,2861,0,0,0,0,0,0,0,0,0,0,0,0,0,0,0,0,0,0,0,0,0,0,0,0,0,0,0,0,0,0,0,0,0,0,0
A,ENEMY_I071_I271,ITM,,ENEMY,0.0,1.0,,6500,1.0,0.0,1.0,0.022,0.147,6356,144,0,0,0,0,0,0,0,0,0,0,0,0,0,0,0,0,0,0,0,0,0,0,0,0,0,0,0,0,0,0,0,0,0,0,0
A,ENEMY_I071_I283,ITM,,ENEMY,0.0,1.0,,6500,1.0,0.0,1.0,0.019,0.138,6374,126,0,0,0,0,0,0,0,0,0,0,0,0,0,0,0,0,0,0,0,0,0,0,0,0,0,0,0,0,0,0,0,0,0,0,0
A,ENEMY_I072_I270,ITM,,ENEMY,0.0,1.0,,6500,1.0,0.0,1.0,0.944,0.229,361,6139,0,0,0,0,0,0,0,0,0,0,0,0,0,0,0,0,0,0,0,0,0,0,0,0,0,0,0,0,0,0,0,0,0,0,0
A,ENEMY_I074_I189,ITM,,ENEMY,0.0,1.0,,6500,1.0,0.0,1.0,0.811,0.392,1230,5270,0,0,0,0,0,0,0,0,0,0,0,0,0,0,0,0,0,0,0,0,0,0,0,0,0,0,0,0,0,0,0,0,0,0,0
A,ENEMY_I074_I190,ITM,,ENEMY,0.0,1.0,,6500,1.0,0.0,0.0,0.0,0.0,6500,0,0,0,0,0,0,0,0,0,0,0,0,0,0,0,0,0,0,0,0,0,0,0,0,0,0,0,0,0,0,0,0,0,0,0,0
A,ENEMY_I074_I275,ITM,,ENEMY,0.0,1.0,,6500,1.0,0.0,1.0,0.047,0.212,6194,306,0,0,0,0,0,0,0,0,0,0,0,0,0,0,0,0,0,0,0,0,0,0,0,0,0,0,0,0,0,0,0,0,0,0,0
A,ENEMY_I075_I076,ITM,,ENEMY,0.0,1.0,,6500,1.0,0.0,1.0,0.054,0.225,6151,349,0,0,0,0,0,0,0,0,0,0,0,0,0,0,0,0,0,0,0,0,0,0,0,0,0,0,0,0,0,0,0,0,0,0,0
A,ENEMY_I075_I272,ITM,,ENEMY,0.0,1.0,,6500,1.0,0.0,1.0,0.059,0.235,6119,381,0,0,0,0,0,0,0,0,0,0,0,0,0,0,0,0,0,0,0,0,0,0,0,0,0,0,0,0,0,0,0,0,0,0,0
A,ENEMY_I076_I148,ITM,,ENEMY,0.0,1.0,,6500,1.0,0.0,1.0,0.034,0.182,6278,222,0,0,0,0,0,0,0,0,0,0,0,0,0,0,0,0,0,0,0,0,0,0,0,0,0,0,0,0,0,0,0,0,0,0,0
A,ENEMY_I076_I192,ITM,,ENEMY,0.0,1.0,,6500,1.0,0.0,1.0,0.684,0.465,2057,4443,0,0,0,0,0,0,0,0,0,0,0,0,0,0,0,0,0,0,0,0,0,0,0,0,0,0,0,0,0,0,0,0,0,0,0
A,ENEMY_I076_I272,ITM,,ENEMY,0.0,1.0,,6500,1.0,0.0,1.0,0.073,0.261,6024,476,0,0,0,0,0,0,0,0,0,0,0,0,0,0,0,0,0,0,0,0,0,0,0,0,0,0,0,0,0,0,0,0,0,0,0
A,ENEMY_I076_I274,ITM,,ENEMY,0.0,1.0,,6500,1.0,0.0,1.0,0.138,0.345,5600,900,0,0,0,0,0,0,0,0,0,0,0,0,0,0,0,0,0,0,0,0,0,0,0,0,0,0,0,0,0,0,0,0,0,0,0
A,ENEMY_I078_I080,ITM,,ENEMY,0.0,1.0,,6500,1.0,0.0,1.0,0.694,0.461,1988,4512,0,0,0,0,0,0,0,0,0,0,0,0,0,0,0,0,0,0,0,0,0,0,0,0,0,0,0,0,0,0,0,0,0,0,0
A,ENEMY_I078_I174,ITM,,ENEMY,0.0,1.0,,6500,1.0,0.0,1.0,0.839,0.367,1045,5455,0,0,0,0,0,0,0,0,0,0,0,0,0,0,0,0,0,0,0,0,0,0,0,0,0,0,0,0,0,0,0,0,0,0,0
A,ENEMY_I078_I283,ITM,,ENEMY,0.0,1.0,,6500,1.0,0.0,1.0,0.418,0.493,3780,2720,0,0,0,0,0,0,0,0,0,0,0,0,0,0,0,0,0,0,0,0,0,0,0,0,0,0,0,0,0,0,0,0,0,0,0
A,ENEMY_I079_I182,ITM,,ENEMY,0.0,1.0,,6500,1.0,0.0,1.0,0.567,0.496,2816,3684,0,0,0,0,0,0,0,0,0,0,0,0,0,0,0,0,0,0,0,0,0,0,0,0,0,0,0,0,0,0,0,0,0,0,0
A,ENEMY_I079_I311,ITM,,ENEMY,0.0,1.0,,6500,1.0,0.0,1.0,0.585,0.493,2697,3803,0,0,0,0,0,0,0,0,0,0,0,0,0,0,0,0,0,0,0,0,0,0,0,0,0,0,0,0,0,0,0,0,0,0,0
A,ENEMY_I080_I278,ITM,,ENEMY,0.0,1.0,,6500,1.0,0.0,1.0,0.33,0.47,4352,2148,0,0,0,0,0,0,0,0,0,0,0,0,0,0,0,0,0,0,0,0,0,0,0,0,0,0,0,0,0,0,0,0,0,0,0
A,ENEMY_I080_I283,ITM,,ENEMY,0.0,1.0,,6500,1.0,0.0,1.0,0.314,0.464,4456,2044,0,0,0,0,0,0,0,0,0,0,0,0,0,0,0,0,0,0,0,0,0,0,0,0,0,0,0,0,0,0,0,0,0,0,0
A,ENEMY_I080_I349,ITM,,ENEMY,0.0,1.0,,6500,1.0,0.0,1.0,0.35,0.477,4225,2275,0,0,0,0,0,0,0,0,0,0,0,0,0,0,0,0,0,0,0,0,0,0,0,0,0,0,0,0,0,0,0,0,0,0,0
A,ENEMY_I080_I381,ITM,,ENEMY,0.0,1.0,,6500,1.0,0.0,1.0,0.315,0.465,4452,2048,0,0,0,0,0,0,0,0,0,0,0,0,0,0,0,0,0,0,0,0,0,0,0,0,0,0,0,0,0,0,0,0,0,0,0
A,ENEMY_I081_I221,ITM,,ENEMY,0.0,1.0,,6500,1.0,0.0,1.0,0.326,0.469,4378,2122,0,0,0,0,0,0,0,0,0,0,0,0,0,0,0,0,0,0,0,0,0,0,0,0,0,0,0,0,0,0,0,0,0,0,0
A,ENEMY_I081_I277,ITM,,ENEMY,0.0,1.0,,6500,1.0,0.0,1.0,0.265,0.441,4779,1721,0,0,0,0,0,0,0,0,0,0,0,0,0,0,0,0,0,0,0,0,0,0,0,0,0,0,0,0,0,0,0,0,0,0,0
A,ENEMY_I081_I293,ITM,,ENEMY,0.0,1.0,,6500,1.0,0.0,1.0,0.302,0.459,4539,1961,0,0,0,0,0,0,0,0,0,0,0,0,0,0,0,0,0,0,0,0,0,0,0,0,0,0,0,0,0,0,0,0,0,0,0
A,ENEMY_I083_I084,ITM,,ENEMY,0.0,1.0,,6500,1.0,0.0,1.0,0.016,0.125,6397,103,0,0,0,0,0,0,0,0,0,0,0,0,0,0,0,0,0,0,0,0,0,0,0,0,0,0,0,0,0,0,0,0,0,0,0
A,ENEMY_I083_I202,ITM,,ENEMY,0.0,1.0,,6500,1.0,0.0,1.0,0.049,0.216,6181,319,0,0,0,0,0,0,0,0,0,0,0,0,0,0,0,0,0,0,0,0,0,0,0,0,0,0,0,0,0,0,0,0,0,0,0
A,ENEMY_I083_I203,ITM,,ENEMY,0.0,1.0,,6500,1.0,0.0,1.0,0.045,0.208,6206,294,0,0,0,0,0,0,0,0,0,0,0,0,0,0,0,0,0,0,0,0,0,0,0,0,0,0,0,0,0,0,0,0,0,0,0
A,ENEMY_I083_I206,ITM,,ENEMY,0.0,1.0,,6500,1.0,0.0,1.0,0.047,0.211,6195,305,0,0,0,0,0,0,0,0,0,0,0,0,0,0,0,0,0,0,0,0,0,0,0,0,0,0,0,0,0,0,0,0,0,0,0
A,ENEMY_I083_I286,ITM,,ENEMY,0.0,1.0,,6500,1.0,0.0,1.0,0.077,0.267,5998,502,0,0,0,0,0,0,0,0,0,0,0,0,0,0,0,0,0,0,0,0,0,0,0,0,0,0,0,0,0,0,0,0,0,0,0
A,ENEMY_I084_I287,ITM,,ENEMY,0.0,1.0,,6500,1.0,0.0,1.0,0.043,0.203,6220,280,0,0,0,0,0,0,0,0,0,0,0,0,0,0,0,0,0,0,0,0,0,0,0,0,0,0,0,0,0,0,0,0,0,0,0
A,ENEMY_I085_I277,ITM,,ENEMY,0.0,1.0,,6500,1.0,0.0,1.0,0.552,0.497,2913,3587,0,0,0,0,0,0,0,0,0,0,0,0,0,0,0,0,0,0,0,0,0,0,0,0,0,0,0,0,0,0,0,0,0,0,0
A,ENEMY_I086_I148,ITM,,ENEMY,0.0,1.0,,6500,1.0,0.0,1.0,0.211,0.408,5128,1372,0,0,0,0,0,0,0,0,0,0,0,0,0,0,0,0,0,0,0,0,0,0,0,0,0,0,0,0,0,0,0,0,0,0,0
A,ENEMY_I086_I155,ITM,,ENEMY,0.0,1.0,,6500,1.0,0.0,1.0,0.211,0.408,5128,1372,0,0,0,0,0,0,0,0,0,0,0,0,0,0,0,0,0,0,0,0,0,0,0,0,0,0,0,0,0,0,0,0,0,0,0
A,ENEMY_I086_I355,ITM,,ENEMY,0.0,1.0,,6500,1.0,0.0,1.0,0.245,0.43,4908,1592,0,0,0,0,0,0,0,0,0,0,0,0,0,0,0,0,0,0,0,0,0,0,0,0,0,0,0,0,0,0,0,0,0,0,0
A,ENEMY_I088_I096,ITM,,ENEMY,0.0,1.0,,6500,1.0,0.0,1.0,0.066,0.249,6068,432,0,0,0,0,0,0,0,0,0,0,0,0,0,0,0,0,0,0,0,0,0,0,0,0,0,0,0,0,0,0,0,0,0,0,0
A,ENEMY_I088_I099,ITM,,ENEMY,0.0,1.0,,6500,1.0,0.0,1.0,0.696,0.46,1975,4525,0,0,0,0,0,0,0,0,0,0,0,0,0,0,0,0,0,0,0,0,0,0,0,0,0,0,0,0,0,0,0,0,0,0,0
A,ENEMY_I088_I265,ITM,,ENEMY,0.0,1.0,,6500,1.0,0.0,1.0,0.071,0.257,6037,463,0,0,0,0,0,0,0,0,0,0,0,0,0,0,0,0,0,0,0,0,0,0,0,0,0,0,0,0,0,0,0,0,0,0,0
A,ENEMY_I088_I281,ITM,,ENEMY,0.0,1.0,,6500,1.0,0.0,1.0,0.045,0.207,6209,291,0,0,0,0,0,0,0,0,0,0,0,0,0,0,0,0,0,0,0,0,0,0,0,0,0,0,0,0,0,0,0,0,0,0,0
A,ENEMY_I089_I290,ITM,,ENEMY,0.0,1.0,,6500,1.0,0.0,1.0,0.59,0.492,2667,3833,0,0,0,0,0,0,0,0,0,0,0,0,0,0,0,0,0,0,0,0,0,0,0,0,0,0,0,0,0,0,0,0,0,0,0
A,ENEMY_I089_I291,ITM,,ENEMY,0.0,1.0,,6500,1.0,0.0,1.0,0.587,0.492,2684,3816,0,0,0,0,0,0,0,0,0,0,0,0,0,0,0,0,0,0,0,0,0,0,0,0,0,0,0,0,0,0,0,0,0,0,0
A,ENEMY_I090_I097,ITM,,ENEMY,0.0,1.0,,6500,1.0,0.0,1.0,0.411,0.492,3829,2671,0,0,0,0,0,0,0,0,0,0,0,0,0,0,0,0,0,0,0,0,0,0,0,0,0,0,0,0,0,0,0,0,0,0,0
A,ENEMY_I090_I112,ITM,,ENEMY,0.0,1.0,,6500,1.0,0.0,1.0,0.421,0.494,3761,2739,0,0,0,0,0,0,0,0,0,0,0,0,0,0,0,0,0,0,0,0,0,0,0,0,0,0,0,0,0,0,0,0,0,0,0
A,ENEMY_I091_I092,ITM,,ENEMY,0.0,1.0,,6500,1.0,0.0,1.0,0.187,0.39,5284,1216,0,0,0,0,0,0,0,0,0,0,0,0,0,0,0,0,0,0,0,0,0,0,0,0,0,0,0,0,0,0,0,0,0,0,0
A,ENEMY_I091_I093,ITM,,ENEMY,0.0,1.0,,6500,1.0,0.0,1.0,0.187,0.39,5284,1216,0,0,0,0,0,0,0,0,0,0,0,0,0,0,0,0,0,0,0,0,0,0,0,0,0,0,0,0,0,0,0,0,0,0,0
A,ENEMY_I091_I094,ITM,,ENEMY,0.0,1.0,,6500,1.0,0.0,1.0,0.187,0.39,5283,1217,0,0,0,0,0,0,0,0,0,0,0,0,0,0,0,0,0,0,0,0,0,0,0,0,0,0,0,0,0,0,0,0,0,0,0
A,ENEMY_I092_I093,ITM,,ENEMY,0.0,1.0,,6500,1.0,0.0,0.0,0.0,0.0,6500,0,0,0,0,0,0,0,0,0,0,0,0,0,0,0,0,0,0,0,0,0,0,0,0,0,0,0,0,0,0,0,0,0,0,0,0
A,ENEMY_I092_I094,ITM,,ENEMY,0.0,1.0,,6500,1.0,0.0,1.0,0.0,0.012,6499,1,0,0,0,0,0,0,0,0,0,0,0,0,0,0,0,0,0,0,0,0,0,0,0,0,0,0,0,0,0,0,0,0,0,0,0
A,ENEMY_I095_I100,ITM,,ENEMY,0.0,1.0,,6500,1.0,0.0,1.0,0.85,0.358,978,5522,0,0,0,0,0,0,0,0,0,0,0,0,0,0,0,0,0,0,0,0,0,0,0,0,0,0,0,0,0,0,0,0,0,0,0
A,ENEMY_I096_I173,ITM,,ENEMY,0.0,1.0,,6500,1.0,0.0,1.0,0.072,0.259,6029,471,0,0,0,0,0,0,0,0,0,0,0,0,0,0,0,0,0,0,0,0,0,0,0,0,0,0,0,0,0,0,0,0,0,0,0
A,ENEMY_I096_I309,ITM,,ENEMY,0.0,1.0,,6500,1.0,0.0,1.0,0.099,0.299,5856,644,0,0,0,0,0,0,0,0,0,0,0,0,0,0,0,0,0,0,0,0,0,0,0,0,0,0,0,0,0,0,0,0,0,0,0
A,ENEMY_I097_I109,ITM,,ENEMY,0.0,1.0,,6500,1.0,0.0,1.0,0.0,0.018,6498,2,0,0,0,0,0,0,0,0,0,0,0,0,0,0,0,0,0,0,0,0,0,0,0,0,0,0,0,0,0,0,0,0,0,0,0
A,ENEMY_I097_I112,ITM,,ENEMY,0.0,1.0,,6500,1.0,0.0,1.0,0.011,0.105,6428,72,0,0,0,0,0,0,0,0,0,0,0,0,0,0,0,0,0,0,0,0,0,0,0,0,0,0,0,0,0,0,0,0,0,0,0
A,ENEMY_I097_I280,ITM,,ENEMY,0.0,1.0,,6500,1.0,0.0,1.0,0.06,0.238,6108,392,0,0,0,0,0,0,0,0,0,0,0,0,0,0,0,0,0,0,0,0,0,0,0,0,0,0,0,0,0,0,0,0,0,0,0
A,ENEMY_I099_I145,ITM,,ENEMY,0.0,1.0,,6500,1.0,0.0,1.0,0.696,0.46,1976,4524,0,0,0,0,0,0,0,0,0,0,0,0,0,0,0,0,0,0,0,0,0,0,0,0,0,0,0,0,0,0,0,0,0,0,0
A,ENEMY_I099_I299,ITM,,ENEMY,0.0,1.0,,6500,1.0,0.0,1.0,0.717,0.45,1838,4662,0,0,0,0,0,0,0,0,0,0,0,0,0,0,0,0,0,0,0,0,0,0,0,0,0,0,0,0,0,0,0,0,0,0,0
A,ENEMY_I101_I295,ITM,,ENEMY,0.0,1.0,,6500,1.0,0.0,1.0,0.376,0.484,4054,2446,0,0,0,0,0,0,0,0,0,0,0,0,0,0,0,0,0,0,0,0,0,0,0,0,0,0,0,0,0,0,0,0,0,0,0
A,ENEMY_I101_I300,ITM,,ENEMY,0.0,1.0,,6500,1.0,0.0,1.0,0.328,0.469,4371,2129,0,0,0,0,0,0,0,0,0,0,0,0,0,0,0,0,0,0,0,0,0,0,0,0,0,0,0,0,0,0,0,0,0,0,0
A,ENEMY_I101_I301,ITM,,ENEMY,0.0,1.0,,6500,1.0,0.0,1.0,0.322,0.467,4409,2091,0,0,0,0,0,0,0,0,0,0,0,0,0,0,0,0,0,0,0,0,0,0,0,0,0,0,0,0,0,0,0,0,0,0,0
A,ENEMY_I101_I302,ITM,,ENEMY,0.0,1.0,,6500,1.0,0.0,1.0,0.323,0.468,4398,2102,0,0,0,0,0,0,0,0,0,0,0,0,0,0,0,0,0,0,0,0,0,0,0,0,0,0,0,0,0,0,0,0,0,0,0
A,ENEMY_I102_I103,ITM,,ENEMY,0.0,1.0,,6500,1.0,0.0,0.0,0.0,0.0,6500,0,0,0,0,0,0,0,0,0,0,0,0,0,0,0,0,0,0,0,0,0,0,0,0,0,0,0,0,0,0,0,0,0,0,0,0
A,ENEMY_I103_I303,ITM,,ENEMY,0.0,1.0,,6500,1.0,0.0,1.0,0.042,0.2,6229,271,0,0,0,0,0,0,0,0,0,0,0,0,0,0,0,0,0,0,0,0,0,0,0,0,0,0,0,0,0,0,0,0,0,0,0
A,ENEMY_I105_I125,ITM,,ENEMY,0.0,1.0,,6500,1.0,0.0,1.0,0.896,0.305,674,5826,0,0,0,0,0,0,0,0,0,0,0,0,0,0,0,0,0,0,0,0,0,0,0,0,0,0,0,0,0,0,0,0,0,0,0
A,ENEMY_I105_I133,ITM,,ENEMY,0.0,1.0,,6500,1.0,0.0,1.0,0.901,0.299,643,5857,0,0,0,0,0,0,0,0,0,0,0,0,0,0,0,0,0,0,0,0,0,0,0,0,0,0,0,0,0,0,0,0,0,0,0
A,ENEMY_I105_I337,ITM,,ENEMY,0.0,1.0,,6500,1.0,0.0,1.0,0.876,0.329,803,5697,0,0,0,0,0,0,0,0,0,0,0,0,0,0,0,0,0,0,0,0,0,0,0,0,0,0,0,0,0,0,0,0,0,0,0
A,ENEMY_I106_I123,ITM,,ENEMY,0.0,1.0,,6500,1.0,0.0,1.0,0.0,0.021,6497,3,0,0,0,0,0,0,0,0,0,0,0,0,0,0,0,0,0,0,0,0,0,0,0,0,0,0,0,0,0,0,0,0,0,0,0
A,ENEMY_I106_I312,ITM,,ENEMY,0.0,1.0,,6500,1.0,0.0,1.0,0.035,0.183,6274,226,0,0,0,0,0,0,0,0,0,0,0,0,0,0,0,0,0,0,0,0,0,0,0,0,0,0,0,0,0,0,0,0,0,0,0
A,ENEMY_I106_I313,ITM,,ENEMY,0.0,1.0,,6500,1.0,0.0,1.0,0.022,0.148,6354,146,0,0,0,0,0,0,0,0,0,0,0,0,0,0,0,0,0,0,0,0,0,0,0,0,0,0,0,0,0,0,0,0,0,0,0
A,ENEMY_I106_I314,ITM,,ENEMY,0.0,1.0,,6500,1.0,0.0,1.0,0.029,0.168,6311,189,0,0,0,0,0,0,0,0,0,0,0,0,0,0,0,0,0,0,0,0,0,0,0,0,0,0,0,0,0,0,0,0,0,0,0
A,ENEMY_I107_I108,ITM,,ENEMY,0.0,1.0,,6500,1.0,0.0,1.0,0.468,0.499,3455,3045,0,0,0,0,0,0,0,0,0,0,0,0,0,0,0,0,0,0,0,0,0,0,0,0,0,0,0,0,0,0,0,0,0,0,0
A,ENEMY_I107_I139,ITM,,ENEMY,0.0,1.0,,6500,1.0,0.0,1.0,0.742,0.437,1676,4824,0,0,0,0,0,0,0,0,0,0,0,0,0,0,0,0,0,0,0,0,0,0,0,0,0,0,0,0,0,0,0,0,0,0,0
A,ENEMY_I107_I140,ITM,,ENEMY,0.0,1.0,,6500,1.0,0.0,1.0,0.451,0.498,3569,2931,0,0,0,0,0,0,0,0,0,0,0,0,0,0,0,0,0,0,0,0,0,0,0,0,0,0,0,0,0,0,0,0,0,0,0
A,ENEMY_I107_I350,ITM,,ENEMY,0.0,1.0,,6500,1.0,0.0,1.0,0.487,0.5,3335,3165,0,0,0,0,0,0,0,0,0,0,0,0,0,0,0,0,0,0,0,0,0,0,0,0,0,0,0,0,0,0,0,0,0,0,0
A,ENEMY_I107_I351,ITM,,ENEMY,0.0,1.0,,6500,1.0,0.0,1.0,0.451,0.498,3568,2932,0,0,0,0,0,0,0,0,0,0,0,0,0,0,0,0,0,0,0,0,0,0,0,0,0,0,0,0,0,0,0,0,0,0,0
A,ENEMY_I107_I352,ITM,,ENEMY,0.0,1.0,,6500,1.0,0.0,1.0,0.452,0.498,3565,2935,0,0,0,0,0,0,0,0,0,0,0,0,0,0,0,0,0,0,0,0,0,0,0,0,0,0,0,0,0,0,0,0,0,0,0
A,ENEMY_I109_I137,ITM,,ENEMY,0.0,1.0,,6500,1.0,0.0,1.0,0.008,0.088,6449,51,0,0,0,0,0,0,0,0,0,0,0,0,0,0,0,0,0,0,0,0,0,0,0,0,0,0,0,0,0,0,0,0,0,0,0
A,ENEMY_I109_I189,ITM,,ENEMY,0.0,1.0,,6500,1.0,0.0,1.0,0.811,0.392,1230,5270,0,0,0,0,0,0,0,0,0,0,0,0,0,0,0,0,0,0,0,0,0,0,0,0,0,0,0,0,0,0,0,0,0,0,0
A,ENEMY_I109_I399,ITM,,ENEMY,0.0,1.0,,6500,1.0,0.0,1.0,0.0,0.012,6499,1,0,0,0,0,0,0,0,0,0,0,0,0,0,0,0,0,0,0,0,0,0,0,0,0,0,0,0,0,0,0,0,0,0,0,0
A,ENEMY_I111_I112,ITM,,ENEMY,0.0,1.0,,6500,1.0,0.0,1.0,0.011,0.103,6430,70,0,0,0,0,0,0,0,0,0,0,0,0,0,0,0,0,0,0,0,0,0,0,0,0,0,0,0,0,0,0,0,0,0,0,0
A,ENEMY_I114_I115,ITM,,ENEMY,0.0,1.0,,6500,1.0,0.0,1.0,0.05,0.218,6174,326,0,0,0,0,0,0,0,0,0,0,0,0,0,0,0,0,0,0,0,0,0,0,0,0,0,0,0,0,0,0,0,0,0,0,0
A,ENEMY_I115_I253,ITM,,ENEMY,0.0,1.0,,6500,1.0,0.0,1.0,0.044,0.205,6215,285,0,0,0,0,0,0,0,0,0,0,0,0,0,0,0,0,0,0,0,0,0,0,0,0,0,0,0,0,0,0,0,0,0,0,0
A,ENEMY_I115_I321,ITM,,ENEMY,0.0,1.0,,6500,1.0,0.0,1.0,0.039,0.193,6248,252,0,0,0,0,0,0,0,0,0,0,0,0,0,0,0,0,0,0,0,0,0,0,0,0,0,0,0,0,0,0,0,0,0,0,0
A,ENEMY_I115_I322,ITM,,ENEMY,0.0,1.0,,6500,1.0,0.0,1.0,0.037,0.188,6261,239,0,0,0,0,0,0,0,0,0,0,0,0,0,0,0,0,0,0,0,0,0,0,0,0,0,0,0,0,0,0,0,0,0,0,0
A,ENEMY_I118_I126,ITM,,ENEMY,0.0,1.0,,6500,1.0,0.0,1.0,0.416,0.493,3794,2706,0,0,0,0,0,0,0,0,0,0,0,0,0,0,0,0,0,0,0,0,0,0,0,0,0,0,0,0,0,0,0,0,0,0,0
A,ENEMY_I118_I324,ITM,,ENEMY,0.0,1.0,,6500,1.0,0.0,1.0,0.039,0.193,6248,252,0,0,0,0,0,0,0,0,0,0,0,0,0,0,0,0,0,0,0,0,0,0,0,0,0,0,0,0,0,0,0,0,0,0,0
A,ENEMY_I118_I327,ITM,,ENEMY,0.0,1.0,,6500,1.0,0.0,1.0,0.044,0.206,6211,289,0,0,0,0,0,0,0,0,0,0,0,0,0,0,0,0,0,0,0,0,0,0,0,0,0,0,0,0,0,0,0,0,0,0,0
A,ENEMY_I120_I122,ITM,,ENEMY,0.0,1.0,,6500,1.0,0.0,1.0,0.557,0.497,2877,3623,0,0,0,0,0,0,0,0,0,0,0,0,0,0,0,0,0,0,0,0,0,0,0,0,0,0,0,0,0,0,0,0,0,0,0
A,ENEMY_I120_I128,ITM,,ENEMY,0.0,1.0,,6500,1.0,0.0,1.0,0.598,0.49,2616,3884,0,0,0,0,0,0,0,0,0,0,0,0,0,0,0,0,0,0,0,0,0,0,0,0,0,0,0,0,0,0,0,0,0,0,0
A,ENEMY_I122_I128,ITM,,ENEMY,0.0,1.0,,6500,1.0,0.0,1.0,0.041,0.198,6235,265,0,0,0,0,0,0,0,0,0,0,0,0,0,0,0,0,0,0,0,0,0,0,0,0,0,0,0,0,0,0,0,0,0,0,0
A,ENEMY_I122_I139,ITM,,ENEMY,0.0,1.0,,6500,1.0,0.0,1.0,0.292,0.455,4605,1895,0,0,0,0,0,0,0,0,0,0,0,0,0,0,0,0,0,0,0,0,0,0,0,0,0,0,0,0,0,0,0,0,0,0,0
A,ENEMY_I122_I169,ITM,,ENEMY,0.0,1.0,,6500,1.0,0.0,1.0,0.0,0.018,6498,2,0,0,0,0,0,0,0,0,0,0,0,0,0,0,0,0,0,0,0,0,0,0,0,0,0,0,0,0,0,0,0,0,0,0,0
A,ENEMY_I123_I132,ITM,,ENEMY,0.0,1.0,,6500,1.0,0.0,1.0,0.014,0.116,6412,88,0,0,0,0,0,0,0,0,0,0,0,0,0,0,0,0,0,0,0,0,0,0,0,0,0,0,0,0,0,0,0,0,0,0,0
A,ENEMY_I123_I134,ITM,,ENEMY,0.0,1.0,,6500,1.0,0.0,1.0,0.001,0.037,6491,9,0,0,0,0,0,0,0,0,0,0,0,0,0,0,0,0,0,0,0,0,0,0,0,0,0,0,0,0,0,0,0,0,0,0,0
A,ENEMY_I123_I330,ITM,,ENEMY,0.0,1.0,,6500,1.0,0.0,1.0,0.124,0.329,5695,805,0,0,0,0,0,0,0,0,0,0,0,0,0,0,0,0,0,0,0,0,0,0,0,0,0,0,0,0,0,0,0,0,0,0,0
A,ENEMY_I124_I229,ITM,,ENEMY,0.0,1.0,,6500,1.0,0.0,1.0,0.06,0.237,6111,389,0,0,0,0,0,0,0,0,0,0,0,0,0,0,0,0,0,0,0,0,0,0,0,0,0,0,0,0,0,0,0,0,0,0,0
A,ENEMY_I125_I337,ITM,,ENEMY,0.0,1.0,,6500,1.0,0.0,1.0,0.057,0.233,6127,373,0,0,0,0,0,0,0,0,0,0,0,0,0,0,0,0,0,0,0,0,0,0,0,0,0,0,0,0,0,0,0,0,0,0,0
A,ENEMY_I126_I252,ITM,,ENEMY,0.0,1.0,,6500,1.0,0.0,1.0,0.45,0.497,3578,2922,0,0,0,0,0,0,0,0,0,0,0,0,0,0,0,0,0,0,0,0,0,0,0,0,0,0,0,0,0,0,0,0,0,0,0
A,ENEMY_I127_I195,ITM,,ENEMY,0.0,1.0,,6500,1.0,0.0,1.0,0.927,0.26,475,6025,0,0,0,0,0,0,0,0,0,0,0,0,0,0,0,0,0,0,0,0,0,0,0,0,0,0,0,0,0,0,0,0,0,0,0
A,ENEMY_I128_I335,ITM,,ENEMY,0.0,1.0,,6500,1.0,0.0,1.0,0.068,0.252,6058,442,0,0,0,0,0,0,0,0,0,0,0,0,0,0,0,0,0,0,0,0,0,0,0,0,0,0,0,0,0,0,0,0,0,0,0
A,ENEMY_I129_I154,ITM,,ENEMY,0.0,1.0,,6500,1.0,0.0,1.0,0.816,0.388,1197,5303,0,0,0,0,0,0,0,0,0,0,0,0,0,0,0,0,0,0,0,0,0,0,0,0,0,0,0,0,0,0,0,0,0,0,0
A,ENEMY_I129_I163,ITM,,ENEMY,0.0,1.0,,6500,1.0,0.0,1.0,0.816,0.388,1197,5303,0,0,0,0,0,0,0,0,0,0,0,0,0,0,0,0,0,0,0,0,0,0,0,0,0,0,0,0,0,0,0,0,0,0,0
A,ENEMY_I129_I262,ITM,,ENEMY,0.0,1.0,,6500,1.0,0.0,1.0,0.816,0.388,1197,5303,0,0,0,0,0,0,0,0,0,0,0,0,0,0,0,0,0,0,0,0,0,0,0,0,0,0,0,0,0,0,0,0,0,0,0
A,ENEMY_I129_I307,ITM,,ENEMY,0.0,1.0,,6500,1.0,0.0,1.0,0.838,0.369,1054,5446,0,0,0,0,0,0,0,0,0,0,0,0,0,0,0,0,0,0,0,0,0,0,0,0,0,0,0,0,0,0,0,0,0,0,0
A,ENEMY_I129_I369,ITM,,ENEMY,0.0,1.0,,6500,1.0,0.0,1.0,0.826,0.38,1134,5366,0,0,0,0,0,0,0,0,0,0,0,0,0,0,0,0,0,0,0,0,0,0,0,0,0,0,0,0,0,0,0,0,0,0,0
A,ENEMY_I130_I313,ITM,,ENEMY,0.0,1.0,,6500,1.0,0.0,1.0,0.022,0.147,6357,143,0,0,0,0,0,0,0,0,0,0,0,0,0,0,0,0,0,0,0,0,0,0,0,0,0,0,0,0,0,0,0,0,0,0,0
A,ENEMY_I131_I133,ITM,,ENEMY,0.0,1.0,,6500,1.0,0.0,1.0,0.169,0.375,5400,1100,0,0,0,0,0,0,0,0,0,0,0,0,0,0,0,0,0,0,0,0,0,0,0,0,0,0,0,0,0,0,0,0,0,0,0
A,ENEMY_I132_I313,ITM,,ENEMY,0.0,1.0,,6500,1.0,0.0,1.0,0.036,0.185,6269,231,0,0,0,0,0,0,0,0,0,0,0,0,0,0,0,0,0,0,0,0,0,0,0,0,0,0,0,0,0,0,0,0,0,0,0
A,ENEMY_I132_I314,ITM,,ENEMY,0.0,1.0,,6500,1.0,0.0,1.0,0.042,0.201,6226,274,0,0,0,0,0,0,0,0,0,0,0,0,0,0,0,0,0,0,0,0,0,0,0,0,0,0,0,0,0,0,0,0,0,0,0
A,ENEMY_I132_I330,ITM,,ENEMY,0.0,1.0,,6500,1.0,0.0,1.0,0.137,0.344,5607,893,0,0,0,0,0,0,0,0,0,0,0,0,0,0,0,0,0,0,0,0,0,0,0,0,0,0,0,0,0,0,0,0,0,0,0
A,ENEMY_I132_I336,ITM,,ENEMY,0.0,1.0,,6500,1.0,0.0,1.0,0.127,0.333,5674,826,0,0,0,0,0,0,0,0,0,0,0,0,0,0,0,0,0,0,0,0,0,0,0,0,0,0,0,0,0,0,0,0,0,0,0
A,ENEMY_I132_I340,ITM,,ENEMY,0.0,1.0,,6500,1.0,0.0,1.0,0.049,0.215,6184,316,0,0,0,0,0,0,0,0,0,0,0,0,0,0,0,0,0,0,0,0,0,0,0,0,0,0,0,0,0,0,0,0,0,0,0
A,ENEMY_I132_I341,ITM,,ENEMY,0.0,1.0,,6500,1.0,0.0,1.0,0.109,0.311,5793,707,0,0,0,0,0,0,0,0,0,0,0,0,0,0,0,0,0,0,0,0,0,0,0,0,0,0,0,0,0,0,0,0,0,0,0
A,ENEMY_I133_I237,ITM,,ENEMY,0.0,1.0,,6500,1.0,0.0,1.0,0.097,0.295,5872,628,0,0,0,0,0,0,0,0,0,0,0,0,0,0,0,0,0,0,0,0,0,0,0,0,0,0,0,0,0,0,0,0,0,0,0
A,ENEMY_I133_I330,ITM,,ENEMY,0.0,1.0,,6500,1.0,0.0,1.0,0.167,0.373,5413,1087,0,0,0,0,0,0,0,0,0,0,0,0,0,0,0,0,0,0,0,0,0,0,0,0,0,0,0,0,0,0,0,0,0,0,0
A,ENEMY_I133_I337,ITM,,ENEMY,0.0,1.0,,6500,1.0,0.0,1.0,0.062,0.241,6096,404,0,0,0,0,0,0,0,0,0,0,0,0,0,0,0,0,0,0,0,0,0,0,0,0,0,0,0,0,0,0,0,0,0,0,0
A,ENEMY_I134_I244,ITM,,ENEMY,0.0,1.0,,6500,1.0,0.0,1.0,0.044,0.206,6212,288,0,0,0,0,0,0,0,0,0,0,0,0,0,0,0,0,0,0,0,0,0,0,0,0,0,0,0,0,0,0,0,0,0,0,0
A,ENEMY_I135_I186,ITM,,ENEMY,0.0,1.0,,6500,1.0,0.0,1.0,0.011,0.104,6429,71,0,0,0,0,0,0,0,0,0,0,0,0,0,0,0,0,0,0,0,0,0,0,0,0,0,0,0,0,0,0,0,0,0,0,0
A,ENEMY_I136_I137,ITM,,ENEMY,0.0,1.0,,6500,1.0,0.0,1.0,0.029,0.169,6309,191,0,0,0,0,0,0,0,0,0,0,0,0,0,0,0,0,0,0,0,0,0,0,0,0,0,0,0,0,0,0,0,0,0,0,0
A,ENEMY_I136_I181,ITM,,ENEMY,0.0,1.0,,6500,1.0,0.0,1.0,0.022,0.145,6360,140,0,0,0,0,0,0,0,0,0,0,0,0,0,0,0,0,0,0,0,0,0,0,0,0,0,0,0,0,0,0,0,0,0,0,0
A,ENEMY_I137_I182,ITM,,ENEMY,0.0,1.0,,6500,1.0,0.0,1.0,0.008,0.09,6447,53,0,0,0,0,0,0,0,0,0,0,0,0,0,0,0,0,0,0,0,0,0,0,0,0,0,0,0,0,0,0,0,0,0,0,0
A,ENEMY_I137_I189,ITM,,ENEMY,0.0,1.0,,6500,1.0,0.0,1.0,0.819,0.385,1179,5321,0,0,0,0,0,0,0,0,0,0,0,0,0,0,0,0,0,0,0,0,0,0,0,0,0,0,0,0,0,0,0,0,0,0,0
A,ENEMY_I137_I391,ITM,,ENEMY,0.0,1.0,,6500,1.0,0.0,1.0,0.066,0.248,6073,427,0,0,0,0,0,0,0,0,0,0,0,0,0,0,0,0,0,0,0,0,0,0,0,0,0,0,0,0,0,0,0,0,0,0,0
A,ENEMY_I138_I139,ITM,,ENEMY,0.0,1.0,,6500,1.0,0.0,1.0,0.989,0.104,71,6429,0,0,0,0,0,0,0,0,0,0,0,0,0,0,0,0,0,0,0,0,0,0,0,0,0,0,0,0,0,0,0,0,0,0,0
A,ENEMY_I138_I140,ITM,,ENEMY,0.0,1.0,,6500,1.0,0.0,1.0,0.698,0.459,1964,4536,0,0,0,0,0,0,0,0,0,0,0,0,0,0,0,0,0,0,0,0,0,0,0,0,0,0,0,0,0,0,0,0,0,0,0
A,ENEMY_I138_I315,ITM,,ENEMY,0.0,1.0,,6500,1.0,0.0,1.0,0.7,0.458,1953,4547,0,0,0,0,0,0,0,0,0,0,0,0,0,0,0,0,0,0,0,0,0,0,0,0,0,0,0,0,0,0,0,0,0,0,0
A,ENEMY_I138_I351,ITM,,ENEMY,0.0,1.0,,6500,1.0,0.0,1.0,0.698,0.459,1963,4537,0,0,0,0,0,0,0,0,0,0,0,0,0,0,0,0,0,0,0,0,0,0,0,0,0,0,0,0,0,0,0,0,0,0,0
A,ENEMY_I138_I352,ITM,,ENEMY,0.0,1.0,,6500,1.0,0.0,1.0,0.698,0.459,1960,4540,0,0,0,0,0,0,0,0,0,0,0,0,0,0,0,0,0,0,0,0,0,0,0,0,0,0,0,0,0,0,0,0,0,0,0
A,ENEMY_I139_I140,ITM,,ENEMY,0.0,1.0,,6500,1.0,0.0,1.0,0.291,0.454,4607,1893,0,0,0,0,0,0,0,0,0,0,0,0,0,0,0,0,0,0,0,0,0,0,0,0,0,0,0,0,0,0,0,0,0,0,0
A,ENEMY_I139_I315,ITM,,ENEMY,0.0,1.0,,6500,1.0,0.0,1.0,0.293,0.455,4596,1904,0,0,0,0,0,0,0,0,0,0,0,0,0,0,0,0,0,0,0,0,0,0,0,0,0,0,0,0,0,0,0,0,0,0,0
A,ENEMY_I139_I351,ITM,,ENEMY,0.0,1.0,,6500,1.0,0.0,1.0,0.291,0.454,4606,1894,0,0,0,0,0,0,0,0,0,0,0,0,0,0,0,0,0,0,0,0,0,0,0,0,0,0,0,0,0,0,0,0,0,0,0
A,ENEMY_I139_I352,ITM,,ENEMY,0.0,1.0,,6500,1.0,0.0,1.0,0.292,0.455,4603,1897,0,0,0,0,0,0,0,0,0,0,0,0,0,0,0,0,0,0,0,0,0,0,0,0,0,0,0,0,0,0,0,0,0,0,0
A,ENEMY_I140_I351,ITM,,ENEMY,0.0,1.0,,6500,1.0,0.0,1.0,0.0,0.012,6499,1,0,0,0,0,0,0,0,0,0,0,0,0,0,0,0,0,0,0,0,0,0,0,0,0,0,0,0,0,0,0,0,0,0,0,0
A,ENEMY_I142_I164,ITM,,ENEMY,0.0,1.0,,6500,1.0,0.0,1.0,0.188,0.391,5277,1223,0,0,0,0,0,0,0,0,0,0,0,0,0,0,0,0,0,0,0,0,0,0,0,0,0,0,0,0,0,0,0,0,0,0,0
A,ENEMY_I145_I146,ITM,,ENEMY,0.0,1.0,,6500,1.0,0.0,0.0,0.0,0.0,6500,0,0,0,0,0,0,0,0,0,0,0,0,0,0,0,0,0,0,0,0,0,0,0,0,0,0,0,0,0,0,0,0,0,0,0,0
A,ENEMY_I145_I147,ITM,,ENEMY,0.0,1.0,,6500,1.0,0.0,1.0,0.273,0.446,4723,1777,0,0,0,0,0,0,0,0,0,0,0,0,0,0,0,0,0,0,0,0,0,0,0,0,0,0,0,0,0,0,0,0,0,0,0
A,ENEMY_I145_I150,ITM,,ENEMY,0.0,1.0,,6500,1.0,1.0,1.0,1.0,0.0,0,6500,0,0,0,0,0,0,0,0,0,0,0,0,0,0,0,0,0,0,0,0,0,0,0,0,0,0,0,0,0,0,0,0,0,0,0
A,ENEMY_I145_I198,ITM,,ENEMY,0.0,1.0,,6500,1.0,0.0,1.0,0.658,0.474,2221,4279,0,0,0,0,0,0,0,0,0,0,0,0,0,0,0,0,0,0,0,0,0,0,0,0,0,0,0,0,0,0,0,0,0,0,0
A,ENEMY_I145_I357,ITM,,ENEMY,0.0,1.0,,6500,1.0,0.0,0.0,0.0,0.0,6500,0,0,0,0,0,0,0,0,0,0,0,0,0,0,0,0,0,0,0,0,0,0,0,0,0,0,0,0,0,0,0,0,0,0,0,0
A,ENEMY_I146_I150,ITM,,ENEMY,0.0,1.0,,6500,1.0,1.0,1.0,1.0,0.0,0,6500,0,0,0,0,0,0,0,0,0,0,0,0,0,0,0,0,0,0,0,0,0,0,0,0,0,0,0,0,0,0,0,0,0,0,0
A,ENEMY_I146_I183,ITM,,ENEMY,0.0,1.0,,6500,1.0,0.0,0.0,0.0,0.0,6500,0,0,0,0,0,0,0,0,0,0,0,0,0,0,0,0,0,0,0,0,0,0,0,0,0,0,0,0,0,0,0,0,0,0,0,0
A,ENEMY_I147_I198,ITM,,ENEMY,0.0,1.0,,6500,1.0,0.0,1.0,0.932,0.252,444,6056,0,0,0,0,0,0,0,0,0,0,0,0,0,0,0,0,0,0,0,0,0,0,0,0,0,0,0,0,0,0,0,0,0,0,0
A,ENEMY_I147_I357,ITM,,ENEMY,0.0,1.0,,6500,1.0,0.0,1.0,0.273,0.446,4723,1777,0,0,0,0,0,0,0,0,0,0,0,0,0,0,0,0,0,0,0,0,0,0,0,0,0,0,0,0,0,0,0,0,0,0,0
A,ENEMY_I148_I149,ITM,,ENEMY,0.0,1.0,,6500,1.0,0.0,0.0,0.0,0.0,6500,0,0,0,0,0,0,0,0,0,0,0,0,0,0,0,0,0,0,0,0,0,0,0,0,0,0,0,0,0,0,0,0,0,0,0,0
A,ENEMY_I148_I190,ITM,,ENEMY,0.0,1.0,,6500,1.0,0.0,0.0,0.0,0.0,6500,0,0,0,0,0,0,0,0,0,0,0,0,0,0,0,0,0,0,0,0,0,0,0,0,0,0,0,0,0,0,0,0,0,0,0,0
A,ENEMY_I148_I192,ITM,,ENEMY,0.0,1.0,,6500,1.0,0.0,1.0,0.649,0.477,2279,4221,0,0,0,0,0,0,0,0,0,0,0,0,0,0,0,0,0,0,0,0,0,0,0,0,0,0,0,0,0,0,0,0,0,0,0
A,ENEMY_I148_I289,ITM,,ENEMY,0.0,1.0,,6500,1.0,0.0,1.0,0.103,0.304,5830,670,0,0,0,0,0,0,0,0,0,0,0,0,0,0,0,0,0,0,0,0,0,0,0,0,0,0,0,0,0,0,0,0,0,0,0
A,ENEMY_I149_I179,ITM,,ENEMY,0.0,1.0,,6500,1.0,0.0,1.0,0.042,0.202,6224,276,0,0,0,0,0,0,0,0,0,0,0,0,0,0,0,0,0,0,0,0,0,0,0,0,0,0,0,0,0,0,0,0,0,0,0
A,ENEMY_I149_I184,ITM,,ENEMY,0.0,1.0,,6500,1.0,0.0,1.0,0.033,0.179,6284,216,0,0,0,0,0,0,0,0,0,0,0,0,0,0,0,0,0,0,0,0,0,0,0,0,0,0,0,0,0,0,0,0,0,0,0
A,ENEMY_I149_I287,ITM,,ENEMY,0.0,1.0,,6500,1.0,0.0,1.0,0.042,0.202,6224,276,0,0,0,0,0,0,0,0,0,0,0,0,0,0,0,0,0,0,0,0,0,0,0,0,0,0,0,0,0,0,0,0,0,0,0
A,ENEMY_I149_I310,ITM,,ENEMY,0.0,1.0,,6500,1.0,0.0,1.0,0.022,0.148,6355,145,0,0,0,0,0,0,0,0,0,0,0,0,0,0,0,0,0,0,0,0,0,0,0,0,0,0,0,0,0,0,0,0,0,0,0
A,ENEMY_I150_I357,ITM,,ENEMY,0.0,1.0,,6500,1.0,1.0,1.0,1.0,0.0,0,6500,0,0,0,0,0,0,0,0,0,0,0,0,0,0,0,0,0,0,0,0,0,0,0,0,0,0,0,0,0,0,0,0,0,0,0
A,ENEMY_I151_I152,ITM,,ENEMY,0.0,1.0,,6500,1.0,0.0,0.0,0.0,0.0,6500,0,0,0,0,0,0,0,0,0,0,0,0,0,0,0,0,0,0,0,0,0,0,0,0,0,0,0,0,0,0,0,0,0,0,0,0
A,ENEMY_I151_I359,ITM,,ENEMY,0.0,1.0,,6500,1.0,0.0,1.0,0.039,0.193,6249,251,0,0,0,0,0,0,0,0,0,0,0,0,0,0,0,0,0,0,0,0,0,0,0,0,0,0,0,0,0,0,0,0,0,0,0
A,ENEMY_I152_I359,ITM,,ENEMY,0.0,1.0,,6500,1.0,0.0,1.0,0.039,0.193,6249,251,0,0,0,0,0,0,0,0,0,0,0,0,0,0,0,0,0,0,0,0,0,0,0,0,0,0,0,0,0,0,0,0,0,0,0
A,ENEMY_I153_I360,ITM,,ENEMY,0.0,1.0,,6500,1.0,0.0,1.0,0.059,0.235,6119,381,0,0,0,0,0,0,0,0,0,0,0,0,0,0,0,0,0,0,0,0,0,0,0,0,0,0,0,0,0,0,0,0,0,0,0
A,ENEMY_I154_I155,ITM,,ENEMY,0.0,1.0,,6500,1.0,0.0,0.0,0.0,0.0,6500,0,0,0,0,0,0,0,0,0,0,0,0,0,0,0,0,0,0,0,0,0,0,0,0,0,0,0,0,0,0,0,0,0,0,0,0
A,ENEMY_I154_I156,ITM,,ENEMY,0.0,1.0,,6500,1.0,0.0,1.0,0.448,0.497,3590,2910,0,0,0,0,0,0,0,0,0,0,0,0,0,0,0,0,0,0,0,0,0,0,0,0,0,0,0,0,0,0,0,0,0,0,0
A,ENEMY_I154_I157,ITM,,ENEMY,0.0,1.0,,6500,1.0,0.0,0.0,0.0,0.0,6500,0,0,0,0,0,0,0,0,0,0,0,0,0,0,0,0,0,0,0,0,0,0,0,0,0,0,0,0,0,0,0,0,0,0,0,0
A,ENEMY_I154_I165,ITM,,ENEMY,0.0,1.0,,6500,1.0,0.0,0.0,0.0,0.0,6500,0,0,0,0,0,0,0,0,0,0,0,0,0,0,0,0,0,0,0,0,0,0,0,0,0,0,0,0,0,0,0,0,0,0,0,0
A,ENEMY_I154_I309,ITM,,ENEMY,0.0,1.0,,6500,1.0,0.0,1.0,0.033,0.178,6287,213,0,0,0,0,0,0,0,0,0,0,0,0,0,0,0,0,0,0,0,0,0,0,0,0,0,0,0,0,0,0,0,0,0,0,0
A,ENEMY_I154_I366,ITM,,ENEMY,0.0,1.0,,6500,1.0,0.0,1.0,0.054,0.226,6150,350,0,0,0,0,0,0,0,0,0,0,0,0,0,0,0,0,0,0,0,0,0,0,0,0,0,0,0,0,0,0,0,0,0,0,0
A,ENEMY_I155_I156,ITM,,ENEMY,0.0,1.0,,6500,1.0,0.0,1.0,0.448,0.497,3590,2910,0,0,0,0,0,0,0,0,0,0,0,0,0,0,0,0,0,0,0,0,0,0,0,0,0,0,0,0,0,0,0,0,0,0,0
A,ENEMY_I155_I157,ITM,,ENEMY,0.0,1.0,,6500,1.0,0.0,0.0,0.0,0.0,6500,0,0,0,0,0,0,0,0,0,0,0,0,0,0,0,0,0,0,0,0,0,0,0,0,0,0,0,0,0,0,0,0,0,0,0,0
A,ENEMY_I155_I366,ITM,,ENEMY,0.0,1.0,,6500,1.0,0.0,1.0,0.054,0.226,6150,350,0,0,0,0,0,0,0,0,0,0,0,0,0,0,0,0,0,0,0,0,0,0,0,0,0,0,0,0,0,0,0,0,0,0,0
A,ENEMY_I155_I373,ITM,,ENEMY,0.0,1.0,,6500,1.0,0.0,1.0,0.041,0.198,6235,265,0,0,0,0,0,0,0,0,0,0,0,0,0,0,0,0,0,0,0,0,0,0,0,0,0,0,0,0,0,0,0,0,0,0,0
A,ENEMY_I156_I157,ITM,,ENEMY,0.0,1.0,,6500,1.0,0.0,1.0,0.448,0.497,3590,2910,0,0,0,0,0,0,0,0,0,0,0,0,0,0,0,0,0,0,0,0,0,0,0,0,0,0,0,0,0,0,0,0,0,0,0
A,ENEMY_I156_I165,ITM,,ENEMY,0.0,1.0,,6500,1.0,0.0,1.0,0.448,0.497,3590,2910,0,0,0,0,0,0,0,0,0,0,0,0,0,0,0,0,0,0,0,0,0,0,0,0,0,0,0,0,0,0,0,0,0,0,0
A,ENEMY_I156_I306,ITM,,ENEMY,0.0,1.0,,6500,1.0,0.0,1.0,0.465,0.499,3475,3025,0,0,0,0,0,0,0,0,0,0,0,0,0,0,0,0,0,0,0,0,0,0,0,0,0,0,0,0,0,0,0,0,0,0,0
A,ENEMY_I156_I366,ITM,,ENEMY,0.0,1.0,,6500,1.0,0.0,1.0,0.502,0.5,3240,3260,0,0,0,0,0,0,0,0,0,0,0,0,0,0,0,0,0,0,0,0,0,0,0,0,0,0,0,0,0,0,0,0,0,0,0
A,ENEMY_I157_I288,ITM,,ENEMY,0.0,1.0,,6500,1.0,0.0,1.0,0.053,0.225,6154,346,0,0,0,0,0,0,0,0,0,0,0,0,0,0,0,0,0,0,0,0,0,0,0,0,0,0,0,0,0,0,0,0,0,0,0
A,ENEMY_I157_I306,ITM,,ENEMY,0.0,1.0,,6500,1.0,0.0,1.0,0.018,0.132,6385,115,0,0,0,0,0,0,0,0,0,0,0,0,0,0,0,0,0,0,0,0,0,0,0,0,0,0,0,0,0,0,0,0,0,0,0
A,ENEMY_I157_I366,ITM,,ENEMY,0.0,1.0,,6500,1.0,0.0,1.0,0.054,0.226,6150,350,0,0,0,0,0,0,0,0,0,0,0,0,0,0,0,0,0,0,0,0,0,0,0,0,0,0,0,0,0,0,0,0,0,0,0
A,ENEMY_I158_I203,ITM,,ENEMY,0.0,1.0,,6500,1.0,0.0,1.0,0.361,0.48,4151,2349,0,0,0,0,0,0,0,0,0,0,0,0,0,0,0,0,0,0,0,0,0,0,0,0,0,0,0,0,0,0,0,0,0,0,0
A,ENEMY_I158_I364,ITM,,ENEMY,0.0,1.0,,6500,1.0,0.0,1.0,0.381,0.486,4024,2476,0,0,0,0,0,0,0,0,0,0,0,0,0,0,0,0,0,0,0,0,0,0,0,0,0,0,0,0,0,0,0,0,0,0,0
A,ENEMY_I160_I161,ITM,,ENEMY,0.0,1.0,,6500,1.0,0.0,1.0,0.334,0.472,4330,2170,0,0,0,0,0,0,0,0,0,0,0,0,0,0,0,0,0,0,0,0,0,0,0,0,0,0,0,0,0,0,0,0,0,0,0
A,ENEMY_I160_I162,ITM,,ENEMY,0.0,1.0,,6500,1.0,0.0,1.0,0.996,0.065,28,6472,0,0,0,0,0,0,0,0,0,0,0,0,0,0,0,0,0,0,0,0,0,0,0,0,0,0,0,0,0,0,0,0,0,0,0
A,ENEMY_I161_I162,ITM,,ENEMY,0.0,1.0,,6500,1.0,0.0,1.0,0.662,0.473,2198,4302,0,0,0,0,0,0,0,0,0,0,0,0,0,0,0,0,0,0,0,0,0,0,0,0,0,0,0,0,0,0,0,0,0,0,0
A,ENEMY_I161_I371,ITM,,ENEMY,0.0,1.0,,6500,1.0,0.0,1.0,0.044,0.205,6214,286,0,0,0,0,0,0,0,0,0,0,0,0,0,0,0,0,0,0,0,0,0,0,0,0,0,0,0,0,0,0,0,0,0,0,0
A,ENEMY_I163_I368,ITM,,ENEMY,0.0,1.0,,6500,1.0,0.0,1.0,0.054,0.226,6149,351,0,0,0,0,0,0,0,0,0,0,0,0,0,0,0,0,0,0,0,0,0,0,0,0,0,0,0,0,0,0,0,0,0,0,0
A,ENEMY_I163_I369,ITM,,ENEMY,0.0,1.0,,6500,1.0,0.0,1.0,0.01,0.098,6437,63,0,0,0,0,0,0,0,0,0,0,0,0,0,0,0,0,0,0,0,0,0,0,0,0,0,0,0,0,0,0,0,0,0,0,0
A,ENEMY_I164_I368,ITM,,ENEMY,0.0,1.0,,6500,1.0,0.0,1.0,0.054,0.226,6149,351,0,0,0,0,0,0,0,0,0,0,0,0,0,0,0,0,0,0,0,0,0,0,0,0,0,0,0,0,0,0,0,0,0,0,0
A,ENEMY_I164_I369,ITM,,ENEMY,0.0,1.0,,6500,1.0,0.0,1.0,0.01,0.098,6437,63,0,0,0,0,0,0,0,0,0,0,0,0,0,0,0,0,0,0,0,0,0,0,0,0,0,0,0,0,0,0,0,0,0,0,0
A,ENEMY_I165_I194,ITM,,ENEMY,0.0,1.0,,6500,1.0,0.0,1.0,0.11,0.313,5787,713,0,0,0,0,0,0,0,0,0,0,0,0,0,0,0,0,0,0,0,0,0,0,0,0,0,0,0,0,0,0,0,0,0,0,0
A,ENEMY_I165_I373,ITM,,ENEMY,0.0,1.0,,6500,1.0,0.0,1.0,0.041,0.198,6235,265,0,0,0,0,0,0,0,0,0,0,0,0,0,0,0,0,0,0,0,0,0,0,0,0,0,0,0,0,0,0,0,0,0,0,0
A,ENEMY_I166_I167,ITM,,ENEMY,0.0,1.0,,6500,1.0,0.0,1.0,0.004,0.065,6472,28,0,0,0,0,0,0,0,0,0,0,0,0,0,0,0,0,0,0,0,0,0,0,0,0,0,0,0,0,0,0,0,0,0,0,0
A,ENEMY_I166_I172,ITM,,ENEMY,0.0,1.0,,6500,1.0,0.0,1.0,0.168,0.374,5405,1095,0,0,0,0,0,0,0,0,0,0,0,0,0,0,0,0,0,0,0,0,0,0,0,0,0,0,0,0,0,0,0,0,0,0,0
A,ENEMY_I168_I171,ITM,,ENEMY,0.0,1.0,,6500,1.0,0.0,1.0,0.629,0.483,2409,4091,0,0,0,0,0,0,0,0,0,0,0,0,0,0,0,0,0,0,0,0,0,0,0,0,0,0,0,0,0,0,0,0,0,0,0
A,ENEMY_I169_I170,ITM,,ENEMY,0.0,1.0,,6500,1.0,0.0,1.0,0.206,0.405,5158,1342,0,0,0,0,0,0,0,0,0,0,0,0,0,0,0,0,0,0,0,0,0,0,0,0,0,0,0,0,0,0,0,0,0,0,0
A,ENEMY_I173_I174,ITM,,ENEMY,0.0,1.0,,6500,1.0,0.0,1.0,0.446,0.497,3599,2901,0,0,0,0,0,0,0,0,0,0,0,0,0,0,0,0,0,0,0,0,0,0,0,0,0,0,0,0,0,0,0,0,0,0,0
A,ENEMY_I173_I288,ITM,,ENEMY,0.0,1.0,,6500,1.0,0.0,1.0,0.059,0.236,6114,386,0,0,0,0,0,0,0,0,0,0,0,0,0,0,0,0,0,0,0,0,0,0,0,0,0,0,0,0,0,0,0,0,0,0,0
A,ENEMY_I174_I271,ITM,,ENEMY,0.0,1.0,,6500,1.0,0.0,1.0,0.462,0.499,3495,3005,0,0,0,0,0,0,0,0,0,0,0,0,0,0,0,0,0,0,0,0,0,0,0,0,0,0,0,0,0,0,0,0,0,0,0
A,ENEMY_I174_I288,ITM,,ENEMY,0.0,1.0,,6500,1.0,0.0,1.0,0.493,0.5,3293,3207,0,0,0,0,0,0,0,0,0,0,0,0,0,0,0,0,0,0,0,0,0,0,0,0,0,0,0,0,0,0,0,0,0,0,0
A,ENEMY_I174_I381,ITM,,ENEMY,0.0,1.0,,6500,1.0,0.0,1.0,0.46,0.498,3509,2991,0,0,0,0,0,0,0,0,0,0,0,0,0,0,0,0,0,0,0,0,0,0,0,0,0,0,0,0,0,0,0,0,0,0,0
A,ENEMY_I175_I177,ITM,,ENEMY,0.0,1.0,,6500,1.0,0.0,1.0,0.376,0.484,4055,2445,0,0,0,0,0,0,0,0,0,0,0,0,0,0,0,0,0,0,0,0,0,0,0,0,0,0,0,0,0,0,0,0,0,0,0
A,ENEMY_I176_I177,ITM,,ENEMY,0.0,1.0,,6500,1.0,0.0,1.0,0.16,0.367,5459,1041,0,0,0,0,0,0,0,0,0,0,0,0,0,0,0,0,0,0,0,0,0,0,0,0,0,0,0,0,0,0,0,0,0,0,0
A,ENEMY_I176_I384,ITM,,ENEMY,0.0,1.0,,6500,1.0,0.0,1.0,0.228,0.42,5018,1482,0,0,0,0,0,0,0,0,0,0,0,0,0,0,0,0,0,0,0,0,0,0,0,0,0,0,0,0,0,0,0,0,0,0,0
A,ENEMY_I178_I192,ITM,,ENEMY,0.0,1.0,,6500,1.0,0.0,1.0,0.667,0.471,2166,4334,0,0,0,0,0,0,0,0,0,0,0,0,0,0,0,0,0,0,0,0,0,0,0,0,0,0,0,0,0,0,0,0,0,0,0
A,ENEMY_I179_I184,ITM,,ENEMY,0.0,1.0,,6500,1.0,0.0,1.0,0.076,0.265,6008,492,0,0,0,0,0,0,0,0,0,0,0,0,0,0,0,0,0,0,0,0,0,0,0,0,0,0,0,0,0,0,0,0,0,0,0
A,ENEMY_I179_I310,ITM,,ENEMY,0.0,1.0,,6500,1.0,0.0,1.0,0.065,0.246,6079,421,0,0,0,0,0,0,0,0,0,0,0,0,0,0,0,0,0,0,0,0,0,0,0,0,0,0,0,0,0,0,0,0,0,0,0
A,ENEMY_I179_I348,ITM,,ENEMY,0.0,1.0,,6500,1.0,0.0,1.0,0.078,0.268,5995,505,0,0,0,0,0,0,0,0,0,0,0,0,0,0,0,0,0,0,0,0,0,0,0,0,0,0,0,0,0,0,0,0,0,0,0
A,ENEMY_I180_I181,ITM,,ENEMY,0.0,1.0,,6500,1.0,0.0,1.0,0.036,0.185,6269,231,0,0,0,0,0,0,0,0,0,0,0,0,0,0,0,0,0,0,0,0,0,0,0,0,0,0,0,0,0,0,0,0,0,0,0
A,ENEMY_I181_I182,ITM,,ENEMY,0.0,1.0,,6500,1.0,0.0,1.0,0.0,0.018,6498,2,0,0,0,0,0,0,0,0,0,0,0,0,0,0,0,0,0,0,0,0,0,0,0,0,0,0,0,0,0,0,0,0,0,0,0
A,ENEMY_I181_I189,ITM,,ENEMY,0.0,1.0,,6500,1.0,0.0,1.0,0.811,0.392,1230,5270,0,0,0,0,0,0,0,0,0,0,0,0,0,0,0,0,0,0,0,0,0,0,0,0,0,0,0,0,0,0,0,0,0,0,0
A,ENEMY_I181_I391,ITM,,ENEMY,0.0,1.0,,6500,1.0,0.0,1.0,0.058,0.233,6124,376,0,0,0,0,0,0,0,0,0,0,0,0,0,0,0,0,0,0,0,0,0,0,0,0,0,0,0,0,0,0,0,0,0,0,0
A,ENEMY_I182_I391,ITM,,ENEMY,0.0,1.0,,6500,1.0,0.0,1.0,0.058,0.234,6122,378,0,0,0,0,0,0,0,0,0,0,0,0,0,0,0,0,0,0,0,0,0,0,0,0,0,0,0,0,0,0,0,0,0,0,0
A,ENEMY_I184_I279,ITM,,ENEMY,0.0,1.0,,6500,1.0,0.0,1.0,0.132,0.339,5639,861,0,0,0,0,0,0,0,0,0,0,0,0,0,0,0,0,0,0,0,0,0,0,0,0,0,0,0,0,0,0,0,0,0,0,0
A,ENEMY_I184_I287,ITM,,ENEMY,0.0,1.0,,6500,1.0,0.0,1.0,0.076,0.265,6008,492,0,0,0,0,0,0,0,0,0,0,0,0,0,0,0,0,0,0,0,0,0,0,0,0,0,0,0,0,0,0,0,0,0,0,0
A,ENEMY_I184_I310,ITM,,ENEMY,0.0,1.0,,6500,1.0,0.0,1.0,0.056,0.229,6139,361,0,0,0,0,0,0,0,0,0,0,0,0,0,0,0,0,0,0,0,0,0,0,0,0,0,0,0,0,0,0,0,0,0,0,0
A,ENEMY_I184_I348,ITM,,ENEMY,0.0,1.0,,6500,1.0,0.0,1.0,0.068,0.253,6055,445,0,0,0,0,0,0,0,0,0,0,0,0,0,0,0,0,0,0,0,0,0,0,0,0,0,0,0,0,0,0,0,0,0,0,0
A,ENEMY_I184_I393,ITM,,ENEMY,0.0,1.0,,6500,1.0,0.0,1.0,0.081,0.273,5975,525,0,0,0,0,0,0,0,0,0,0,0,0,0,0,0,0,0,0,0,0,0,0,0,0,0,0,0,0,0,0,0,0,0,0,0
A,ENEMY_I184_I394,ITM,,ENEMY,0.0,1.0,,6500,1.0,0.0,1.0,0.072,0.258,6033,467,0,0,0,0,0,0,0,0,0,0,0,0,0,0,0,0,0,0,0,0,0,0,0,0,0,0,0,0,0,0,0,0,0,0,0
A,ENEMY_I185_I186,ITM,,ENEMY,0.0,1.0,,6500,1.0,0.0,1.0,0.888,0.315,725,5775,0,0,0,0,0,0,0,0,0,0,0,0,0,0,0,0,0,0,0,0,0,0,0,0,0,0,0,0,0,0,0,0,0,0,0
A,ENEMY_I185_I187,ITM,,ENEMY,0.0,1.0,,6500,1.0,0.0,1.0,0.88,0.325,780,5720,0,0,0,0,0,0,0,0,0,0,0,0,0,0,0,0,0,0,0,0,0,0,0,0,0,0,0,0,0,0,0,0,0,0,0
A,ENEMY_I186_I187,ITM,,ENEMY,0.0,1.0,,6500,1.0,0.0,1.0,0.013,0.115,6413,87,0,0,0,0,0,0,0,0,0,0,0,0,0,0,0,0,0,0,0,0,0,0,0,0,0,0,0,0,0,0,0,0,0,0,0
A,ENEMY_I186_I308,ITM,,ENEMY,0.0,1.0,,6500,1.0,0.0,1.0,0.051,0.22,6169,331,0,0,0,0,0,0,0,0,0,0,0,0,0,0,0,0,0,0,0,0,0,0,0,0,0,0,0,0,0,0,0,0,0,0,0
A,ENEMY_I186_I396,ITM,,ENEMY,0.0,1.0,,6500,1.0,0.0,1.0,0.065,0.247,6077,423,0,0,0,0,0,0,0,0,0,0,0,0,0,0,0,0,0,0,0,0,0,0,0,0,0,0,0,0,0,0,0,0,0,0,0
A,ENEMY_I188_I189,ITM,,ENEMY,0.0,1.0,,6500,1.0,0.0,1.0,0.998,0.05,16,6484,0,0,0,0,0,0,0,0,0,0,0,0,0,0,0,0,0,0,0,0,0,0,0,0,0,0,0,0,0,0,0,0,0,0,0
A,ENEMY_I188_I190,ITM,,ENEMY,0.0,1.0,,6500,1.0,0.0,1.0,0.187,0.39,5286,1214,0,0,0,0,0,0,0,0,0,0,0,0,0,0,0,0,0,0,0,0,0,0,0,0,0,0,0,0,0,0,0,0,0,0,0
A,ENEMY_I188_I191,ITM,,ENEMY,0.0,1.0,,6500,1.0,0.0,1.0,0.187,0.39,5286,1214,0,0,0,0,0,0,0,0,0,0,0,0,0,0,0,0,0,0,0,0,0,0,0,0,0,0,0,0,0,0,0,0,0,0,0
A,ENEMY_I188_I192,ITM,,ENEMY,0.0,1.0,,6500,1.0,0.0,1.0,0.836,0.37,1065,5435,0,0,0,0,0,0,0,0,0,0,0,0,0,0,0,0,0,0,0,0,0,0,0,0,0,0,0,0,0,0,0,0,0,0,0
A,ENEMY_I188_I317,ITM,,ENEMY,0.0,1.0,,6500,1.0,0.0,1.0,0.275,0.446,4714,1786,0,0,0,0,0,0,0,0,0,0,0,0,0,0,0,0,0,0,0,0,0,0,0,0,0,0,0,0,0,0,0,0,0,0,0
A,ENEMY_I188_I399,ITM,,ENEMY,0.0,1.0,,6500,1.0,0.0,1.0,0.187,0.39,5285,1215,0,0,0,0,0,0,0,0,0,0,0,0,0,0,0,0,0,0,0,0,0,0,0,0,0,0,0,0,0,0,0,0,0,0,0
A,ENEMY_I189_I190,ITM,,ENEMY,0.0,1.0,,6500,1.0,0.0,1.0,0.811,0.392,1230,5270,0,0,0,0,0,0,0,0,0,0,0,0,0,0,0,0,0,0,0,0,0,0,0,0,0,0,0,0,0,0,0,0,0,0,0
A,ENEMY_I189_I191,ITM,,ENEMY,0.0,1.0,,6500,1.0,0.0,1.0,0.811,0.392,1230,5270,0,0,0,0,0,0,0,0,0,0,0,0,0,0,0,0,0,0,0,0,0,0,0,0,0,0,0,0,0,0,0,0,0,0,0
A,ENEMY_I189_I399,ITM,,ENEMY,0.0,1.0,,6500,1.0,0.0,1.0,0.811,0.392,1229,5271,0,0,0,0,0,0,0,0,0,0,0,0,0,0,0,0,0,0,0,0,0,0,0,0,0,0,0,0,0,0,0,0,0,0,0
A,ENEMY_I190_I191,ITM,,ENEMY,0.0,1.0,,6500,1.0,0.0,0.0,0.0,0.0,6500,0,0,0,0,0,0,0,0,0,0,0,0,0,0,0,0,0,0,0,0,0,0,0,0,0,0,0,0,0,0,0,0,0,0,0,0
A,ENEMY_I190_I192,ITM,,ENEMY,0.0,1.0,,6500,1.0,0.0,1.0,0.649,0.477,2279,4221,0,0,0,0,0,0,0,0,0,0,0,0,0,0,0,0,0,0,0,0,0,0,0,0,0,0,0,0,0,0,0,0,0,0,0
A,ENEMY_I191_I192,ITM,,ENEMY,0.0,1.0,,6500,1.0,0.0,1.0,0.649,0.477,2279,4221,0,0,0,0,0,0,0,0,0,0,0,0,0,0,0,0,0,0,0,0,0,0,0,0,0,0,0,0,0,0,0,0,0,0,0
A,ENEMY_I191_I400,ITM,,ENEMY,0.0,1.0,,6500,1.0,0.0,0.0,0.0,0.0,6500,0,0,0,0,0,0,0,0,0,0,0,0,0,0,0,0,0,0,0,0,0,0,0,0,0,0,0,0,0,0,0,0,0,0,0,0
A,ENEMY_I192_I389,ITM,,ENEMY,0.0,1.0,,6500,1.0,0.0,1.0,0.649,0.477,2279,4221,0,0,0,0,0,0,0,0,0,0,0,0,0,0,0,0,0,0,0,0,0,0,0,0,0,0,0,0,0,0,0,0,0,0,0
A,ENEMY_I192_I400,ITM,,ENEMY,0.0,1.0,,6500,1.0,0.0,1.0,0.649,0.477,2279,4221,0,0,0,0,0,0,0,0,0,0,0,0,0,0,0,0,0,0,0,0,0,0,0,0,0,0,0,0,0,0,0,0,0,0,0
A,ENEMY_I196_I198,ITM,,ENEMY,0.0,1.0,,6500,1.0,0.0,1.0,0.747,0.435,1642,4858,0,0,0,0,0,0,0,0,0,0,0,0,0,0,0,0,0,0,0,0,0,0,0,0,0,0,0,0,0,0,0,0,0,0,0
A,ENEMY_I197_I284,ITM,,ENEMY,0.0,1.0,,6500,1.0,0.0,1.0,0.295,0.456,4585,1915,0,0,0,0,0,0,0,0,0,0,0,0,0,0,0,0,0,0,0,0,0,0,0,0,0,0,0,0,0,0,0,0,0,0,0
A,ENEMY_I198_I357,ITM,,ENEMY,0.0,1.0,,6500,1.0,0.0,1.0,0.658,0.474,2221,4279,0,0,0,0,0,0,0,0,0,0,0,0,0,0,0,0,0,0,0,0,0,0,0,0,0,0,0,0,0,0,0,0,0,0,0
A,ENEMY_I199_I292,ITM,,ENEMY,0.0,1.0,,6500,1.0,0.0,1.0,0.053,0.223,6158,342,0,0,0,0,0,0,0,0,0,0,0,0,0,0,0,0,0,0,0,0,0,0,0,0,0,0,0,0,0,0,0,0,0,0,0
A,ENEMY_I202_I203,ITM,,ENEMY,0.0,1.0,,6500,1.0,0.0,1.0,0.064,0.244,6085,415,0,0,0,0,0,0,0,0,0,0,0,0,0,0,0,0,0,0,0,0,0,0,0,0,0,0,0,0,0,0,0,0,0,0,0
A,ENEMY_I202_I206,ITM,,ENEMY,0.0,1.0,,6500,1.0,0.0,1.0,0.066,0.247,6074,426,0,0,0,0,0,0,0,0,0,0,0,0,0,0,0,0,0,0,0,0,0,0,0,0,0,0,0,0,0,0,0,0,0,0,0
A,ENEMY_I203_I204,ITM,,ENEMY,0.0,1.0,,6500,1.0,0.0,1.0,0.064,0.245,6083,417,0,0,0,0,0,0,0,0,0,0,0,0,0,0,0,0,0,0,0,0,0,0,0,0,0,0,0,0,0,0,0,0,0,0,0
A,ENEMY_I203_I206,ITM,,ENEMY,0.0,1.0,,6500,1.0,0.0,1.0,0.062,0.241,6099,401,0,0,0,0,0,0,0,0,0,0,0,0,0,0,0,0,0,0,0,0,0,0,0,0,0,0,0,0,0,0,0,0,0,0,0
A,ENEMY_I205_I206,ITM,,ENEMY,0.0,1.0,,6500,1.0,0.0,1.0,0.065,0.246,6078,422,0,0,0,0,0,0,0,0,0,0,0,0,0,0,0,0,0,0,0,0,0,0,0,0,0,0,0,0,0,0,0,0,0,0,0
A,ENEMY_I210_I213,ITM,,ENEMY,0.0,1.0,,6500,1.0,0.0,1.0,0.065,0.247,6076,424,0,0,0,0,0,0,0,0,0,0,0,0,0,0,0,0,0,0,0,0,0,0,0,0,0,0,0,0,0,0,0,0,0,0,0
A,ENEMY_I214_I264,ITM,,ENEMY,0.0,1.0,,6500,1.0,0.0,1.0,0.059,0.235,6117,383,0,0,0,0,0,0,0,0,0,0,0,0,0,0,0,0,0,0,0,0,0,0,0,0,0,0,0,0,0,0,0,0,0,0,0
A,ENEMY_I219_I220,ITM,,ENEMY,0.0,1.0,,6500,1.0,0.0,1.0,0.089,0.285,5919,581,0,0,0,0,0,0,0,0,0,0,0,0,0,0,0,0,0,0,0,0,0,0,0,0,0,0,0,0,0,0,0,0,0,0,0
A,ENEMY_I219_I245,ITM,,ENEMY,0.0,1.0,,6500,1.0,0.0,1.0,0.055,0.228,6142,358,0,0,0,0,0,0,0,0,0,0,0,0,0,0,0,0,0,0,0,0,0,0,0,0,0,0,0,0,0,0,0,0,0,0,0
A,ENEMY_I219_I250,ITM,,ENEMY,0.0,1.0,,6500,1.0,0.0,1.0,0.074,0.262,6017,483,0,0,0,0,0,0,0,0,0,0,0,0,0,0,0,0,0,0,0,0,0,0,0,0,0,0,0,0,0,0,0,0,0,0,0
A,ENEMY_I220_I245,ITM,,ENEMY,0.0,1.0,,6500,1.0,0.0,1.0,0.076,0.265,6005,495,0,0,0,0,0,0,0,0,0,0,0,0,0,0,0,0,0,0,0,0,0,0,0,0,0,0,0,0,0,0,0,0,0,0,0
A,ENEMY_I222_I302,ITM,,ENEMY,0.0,1.0,,6500,1.0,0.0,1.0,0.072,0.259,6032,468,0,0,0,0,0,0,0,0,0,0,0,0,0,0,0,0,0,0,0,0,0,0,0,0,0,0,0,0,0,0,0,0,0,0,0
A,ENEMY_I225_I227,ITM,,ENEMY,0.0,1.0,,6500,1.0,0.0,1.0,0.123,0.329,5699,801,0,0,0,0,0,0,0,0,0,0,0,0,0,0,0,0,0,0,0,0,0,0,0,0,0,0,0,0,0,0,0,0,0,0,0
A,ENEMY_I230_I232,ITM,,ENEMY,0.0,1.0,,6500,1.0,0.0,1.0,0.069,0.254,6050,450,0,0,0,0,0,0,0,0,0,0,0,0,0,0,0,0,0,0,0,0,0,0,0,0,0,0,0,0,0,0,0,0,0,0,0
A,ENEMY_I233_I234,ITM,,ENEMY,0.0,1.0,,6500,1.0,0.0,1.0,0.027,0.162,6324,176,0,0,0,0,0,0,0,0,0,0,0,0,0,0,0,0,0,0,0,0,0,0,0,0,0,0,0,0,0,0,0,0,0,0,0
A,ENEMY_I234_I235,ITM,,ENEMY,0.0,1.0,,6500,1.0,0.0,1.0,0.066,0.247,6074,426,0,0,0,0,0,0,0,0,0,0,0,0,0,0,0,0,0,0,0,0,0,0,0,0,0,0,0,0,0,0,0,0,0,0,0
A,ENEMY_I238_I337,ITM,,ENEMY,0.0,1.0,,6500,1.0,0.0,1.0,0.066,0.247,6074,426,0,0,0,0,0,0,0,0,0,0,0,0,0,0,0,0,0,0,0,0,0,0,0,0,0,0,0,0,0,0,0,0,0,0,0
A,ENEMY_I239_I243,ITM,,ENEMY,0.0,1.0,,6500,1.0,0.0,1.0,0.092,0.289,5900,600,0,0,0,0,0,0,0,0,0,0,0,0,0,0,0,0,0,0,0,0,0,0,0,0,0,0,0,0,0,0,0,0,0,0,0
A,ENEMY_I239_I337,ITM,,ENEMY,0.0,1.0,,6500,1.0,0.0,1.0,0.054,0.225,6151,349,0,0,0,0,0,0,0,0,0,0,0,0,0,0,0,0,0,0,0,0,0,0,0,0,0,0,0,0,0,0,0,0,0,0,0
A,ENEMY_I240_I242,ITM,,ENEMY,0.0,1.0,,6500,1.0,0.0,1.0,0.082,0.274,5970,530,0,0,0,0,0,0,0,0,0,0,0,0,0,0,0,0,0,0,0,0,0,0,0,0,0,0,0,0,0,0,0,0,0,0,0
A,ENEMY_I245_I250,ITM,,ENEMY,0.0,1.0,,6500,1.0,0.0,1.0,0.061,0.239,6103,397,0,0,0,0,0,0,0,0,0,0,0,0,0,0,0,0,0,0,0,0,0,0,0,0,0,0,0,0,0,0,0,0,0,0,0
A,ENEMY_I246_I249,ITM,,ENEMY,0.0,1.0,,6500,1.0,0.0,1.0,0.1,0.299,5853,647,0,0,0,0,0,0,0,0,0,0,0,0,0,0,0,0,0,0,0,0,0,0,0,0,0,0,0,0,0,0,0,0,0,0,0
A,ENEMY_I247_I248,ITM,,ENEMY,0.0,1.0,,6500,1.0,0.0,1.0,0.08,0.271,5981,519,0,0,0,0,0,0,0,0,0,0,0,0,0,0,0,0,0,0,0,0,0,0,0,0,0,0,0,0,0,0,0,0,0,0,0
A,ENEMY_I247_I251,ITM,,ENEMY,0.0,1.0,,6500,1.0,0.0,1.0,0.09,0.286,5914,586,0,0,0,0,0,0,0,0,0,0,0,0,0,0,0,0,0,0,0,0,0,0,0,0,0,0,0,0,0,0,0,0,0,0,0
A,ENEMY_I248_I251,ITM,,ENEMY,0.0,1.0,,6500,1.0,0.0,1.0,0.095,0.294,5881,619,0,0,0,0,0,0,0,0,0,0,0,0,0,0,0,0,0,0,0,0,0,0,0,0,0,0,0,0,0,0,0,0,0,0,0
A,ENEMY_I253_I254,ITM,,ENEMY,0.0,1.0,,6500,1.0,0.0,1.0,0.091,0.287,5911,589,0,0,0,0,0,0,0,0,0,0,0,0,0,0,0,0,0,0,0,0,0,0,0,0,0,0,0,0,0,0,0,0,0,0,0
A,ENEMY_I253_I255,ITM,,ENEMY,0.0,1.0,,6500,1.0,0.0,1.0,0.087,0.282,5933,567,0,0,0,0,0,0,0,0,0,0,0,0,0,0,0,0,0,0,0,0,0,0,0,0,0,0,0,0,0,0,0,0,0,0,0
A,ENEMY_I257_I259,ITM,,ENEMY,0.0,1.0,,6500,1.0,0.0,1.0,0.083,0.276,5959,541,0,0,0,0,0,0,0,0,0,0,0,0,0,0,0,0,0,0,0,0,0,0,0,0,0,0,0,0,0,0,0,0,0,0,0
A,ENEMY_I261_I397,ITM,,ENEMY,0.0,1.0,,6500,1.0,0.0,1.0,0.097,0.296,5870,630,0,0,0,0,0,0,0,0,0,0,0,0,0,0,0,0,0,0,0,0,0,0,0,0,0,0,0,0,0,0,0,0,0,0,0
A,ENEMY_I262_I307,ITM,,ENEMY,0.0,1.0,,6500,1.0,0.0,1.0,0.022,0.147,6357,143,0,0,0,0,0,0,0,0,0,0,0,0,0,0,0,0,0,0,0,0,0,0,0,0,0,0,0,0,0,0,0,0,0,0,0
A,ENEMY_I262_I357,ITM,,ENEMY,0.0,1.0,,6500,1.0,0.0,0.0,0.0,0.0,6500,0,0,0,0,0,0,0,0,0,0,0,0,0,0,0,0,0,0,0,0,0,0,0,0,0,0,0,0,0,0,0,0,0,0,0,0
A,ENEMY_I263_I264,ITM,,ENEMY,0.0,1.0,,6500,1.0,0.0,1.0,0.113,0.316,5767,733,0,0,0,0,0,0,0,0,0,0,0,0,0,0,0,0,0,0,0,0,0,0,0,0,0,0,0,0,0,0,0,0,0,0,0
A,ENEMY_I267_I333,ITM,,ENEMY,0.0,1.0,,6500,1.0,0.0,1.0,0.156,0.362,5489,1011,0,0,0,0,0,0,0,0,0,0,0,0,0,0,0,0,0,0,0,0,0,0,0,0,0,0,0,0,0,0,0,0,0,0,0
A,ENEMY_I268_I278,ITM,,ENEMY,0.0,1.0,,6500,1.0,0.0,1.0,0.092,0.289,5903,597,0,0,0,0,0,0,0,0,0,0,0,0,0,0,0,0,0,0,0,0,0,0,0,0,0,0,0,0,0,0,0,0,0,0,0
A,ENEMY_I268_I383,ITM,,ENEMY,0.0,1.0,,6500,1.0,0.0,1.0,0.112,0.315,5772,728,0,0,0,0,0,0,0,0,0,0,0,0,0,0,0,0,0,0,0,0,0,0,0,0,0,0,0,0,0,0,0,0,0,0,0
A,ENEMY_I270_I283,ITM,,ENEMY,0.0,1.0,,6500,1.0,0.0,1.0,0.02,0.14,6370,130,0,0,0,0,0,0,0,0,0,0,0,0,0,0,0,0,0,0,0,0,0,0,0,0,0,0,0,0,0,0,0,0,0,0,0
A,ENEMY_I270_I382,ITM,,ENEMY,0.0,1.0,,6500,1.0,0.0,1.0,0.047,0.212,6194,306,0,0,0,0,0,0,0,0,0,0,0,0,0,0,0,0,0,0,0,0,0,0,0,0,0,0,0,0,0,0,0,0,0,0,0
A,ENEMY_I271_I283,ITM,,ENEMY,0.0,1.0,,6500,1.0,0.0,1.0,0.042,0.2,6230,270,0,0,0,0,0,0,0,0,0,0,0,0,0,0,0,0,0,0,0,0,0,0,0,0,0,0,0,0,0,0,0,0,0,0,0
A,ENEMY_I271_I349,ITM,,ENEMY,0.0,1.0,,6500,1.0,0.0,1.0,0.077,0.267,5999,501,0,0,0,0,0,0,0,0,0,0,0,0,0,0,0,0,0,0,0,0,0,0,0,0,0,0,0,0,0,0,0,0,0,0,0
A,ENEMY_I272_I274,ITM,,ENEMY,0.0,1.0,,6500,1.0,0.0,1.0,0.143,0.35,5568,932,0,0,0,0,0,0,0,0,0,0,0,0,0,0,0,0,0,0,0,0,0,0,0,0,0,0,0,0,0,0,0,0,0,0,0
A,ENEMY_I279_I317,ITM,,ENEMY,0.0,1.0,,6500,1.0,0.0,1.0,0.187,0.39,5283,1217,0,0,0,0,0,0,0,0,0,0,0,0,0,0,0,0,0,0,0,0,0,0,0,0,0,0,0,0,0,0,0,0,0,0,0
A,ENEMY_I281_I282,ITM,,ENEMY,0.0,1.0,,6500,1.0,0.0,1.0,0.139,0.346,5596,904,0,0,0,0,0,0,0,0,0,0,0,0,0,0,0,0,0,0,0,0,0,0,0,0,0,0,0,0,0,0,0,0,0,0,0
A,ENEMY_I283_I349,ITM,,ENEMY,0.0,1.0,,6500,1.0,0.0,1.0,0.074,0.262,6017,483,0,0,0,0,0,0,0,0,0,0,0,0,0,0,0,0,0,0,0,0,0,0,0,0,0,0,0,0,0,0,0,0,0,0,0
A,ENEMY_I284_I317,ITM,,ENEMY,0.0,1.0,,6500,1.0,0.0,1.0,0.131,0.338,5648,852,0,0,0,0,0,0,0,0,0,0,0,0,0,0,0,0,0,0,0,0,0,0,0,0,0,0,0,0,0,0,0,0,0,0,0
A,ENEMY_I287_I310,ITM,,ENEMY,0.0,1.0,,6500,1.0,0.0,1.0,0.065,0.246,6079,421,0,0,0,0,0,0,0,0,0,0,0,0,0,0,0,0,0,0,0,0,0,0,0,0,0,0,0,0,0,0,0,0,0,0,0
A,ENEMY_I287_I348,ITM,,ENEMY,0.0,1.0,,6500,1.0,0.0,1.0,0.078,0.268,5995,505,0,0,0,0,0,0,0,0,0,0,0,0,0,0,0,0,0,0,0,0,0,0,0,0,0,0,0,0,0,0,0,0,0,0,0
A,ENEMY_I287_I394,ITM,,ENEMY,0.0,1.0,,6500,1.0,0.0,1.0,0.081,0.273,5973,527,0,0,0,0,0,0,0,0,0,0,0,0,0,0,0,0,0,0,0,0,0,0,0,0,0,0,0,0,0,0,0,0,0,0,0
A,ENEMY_I289_I355,ITM,,ENEMY,0.0,1.0,,6500,1.0,0.0,1.0,0.137,0.344,5610,890,0,0,0,0,0,0,0,0,0,0,0,0,0,0,0,0,0,0,0,0,0,0,0,0,0,0,0,0,0,0,0,0,0,0,0
A,ENEMY_I290_I291,ITM,,ENEMY,0.0,1.0,,6500,1.0,0.0,1.0,0.082,0.275,5965,535,0,0,0,0,0,0,0,0,0,0,0,0,0,0,0,0,0,0,0,0,0,0,0,0,0,0,0,0,0,0,0,0,0,0,0
A,ENEMY_I301_I302,ITM,,ENEMY,0.0,1.0,,6500,1.0,0.0,1.0,0.061,0.239,6103,397,0,0,0,0,0,0,0,0,0,0,0,0,0,0,0,0,0,0,0,0,0,0,0,0,0,0,0,0,0,0,0,0,0,0,0
A,ENEMY_I303_I305,ITM,,ENEMY,0.0,1.0,,6500,1.0,0.0,1.0,0.074,0.262,6018,482,0,0,0,0,0,0,0,0,0,0,0,0,0,0,0,0,0,0,0,0,0,0,0,0,0,0,0,0,0,0,0,0,0,0,0
A,ENEMY_I306_I369,ITM,,ENEMY,0.0,1.0,,6500,1.0,0.0,1.0,0.027,0.163,6322,178,0,0,0,0,0,0,0,0,0,0,0,0,0,0,0,0,0,0,0,0,0,0,0,0,0,0,0,0,0,0,0,0,0,0,0
A,ENEMY_I307_I309,ITM,,ENEMY,0.0,1.0,,6500,1.0,0.0,1.0,0.055,0.228,6144,356,0,0,0,0,0,0,0,0,0,0,0,0,0,0,0,0,0,0,0,0,0,0,0,0,0,0,0,0,0,0,0,0,0,0,0
A,ENEMY_I307_I357,ITM,,ENEMY,0.0,1.0,,6500,1.0,0.0,1.0,0.022,0.147,6357,143,0,0,0,0,0,0,0,0,0,0,0,0,0,0,0,0,0,0,0,0,0,0,0,0,0,0,0,0,0,0,0,0,0,0,0
A,ENEMY_I309_I373,ITM,,ENEMY,0.0,1.0,,6500,1.0,0.0,1.0,0.074,0.261,6022,478,0,0,0,0,0,0,0,0,0,0,0,0,0,0,0,0,0,0,0,0,0,0,0,0,0,0,0,0,0,0,0,0,0,0,0
A,ENEMY_I310_I311,ITM,,ENEMY,0.0,1.0,,6500,1.0,0.0,1.0,0.041,0.198,6234,266,0,0,0,0,0,0,0,0,0,0,0,0,0,0,0,0,0,0,0,0,0,0,0,0,0,0,0,0,0,0,0,0,0,0,0
A,ENEMY_I310_I348,ITM,,ENEMY,0.0,1.0,,6500,1.0,0.0,1.0,0.058,0.233,6126,374,0,0,0,0,0,0,0,0,0,0,0,0,0,0,0,0,0,0,0,0,0,0,0,0,0,0,0,0,0,0,0,0,0,0,0
A,ENEMY_I310_I394,ITM,,ENEMY,0.0,1.0,,6500,1.0,0.0,1.0,0.061,0.239,6104,396,0,0,0,0,0,0,0,0,0,0,0,0,0,0,0,0,0,0,0,0,0,0,0,0,0,0,0,0,0,0,0,0,0,0,0
A,ENEMY_I312_I313,ITM,,ENEMY,0.0,1.0,,6500,1.0,0.0,1.0,0.056,0.231,6134,366,0,0,0,0,0,0,0,0,0,0,0,0,0,0,0,0,0,0,0,0,0,0,0,0,0,0,0,0,0,0,0,0,0,0,0
A,ENEMY_I312_I314,ITM,,ENEMY,0.0,1.0,,6500,1.0,0.0,1.0,0.063,0.243,6091,409,0,0,0,0,0,0,0,0,0,0,0,0,0,0,0,0,0,0,0,0,0,0,0,0,0,0,0,0,0,0,0,0,0,0,0
A,ENEMY_I313_I314,ITM,,ENEMY,0.0,1.0,,6500,1.0,0.0,1.0,0.051,0.219,6171,329,0,0,0,0,0,0,0,0,0,0,0,0,0,0,0,0,0,0,0,0,0,0,0,0,0,0,0,0,0,0,0,0,0,0,0
A,ENEMY_I315_I351,ITM,,ENEMY,0.0,1.0,,6500,1.0,0.0,1.0,0.002,0.043,6488,12,0,0,0,0,0,0,0,0,0,0,0,0,0,0,0,0,0,0,0,0,0,0,0,0,0,0,0,0,0,0,0,0,0,0,0
A,ENEMY_I319_I321,ITM,,ENEMY,0.0,1.0,,6500,1.0,0.0,1.0,0.068,0.252,6056,444,0,0,0,0,0,0,0,0,0,0,0,0,0,0,0,0,0,0,0,0,0,0,0,0,0,0,0,0,0,0,0,0,0,0,0
A,ENEMY_I322_I323,ITM,,ENEMY,0.0,1.0,,6500,1.0,0.0,1.0,0.077,0.266,6000,500,0,0,0,0,0,0,0,0,0,0,0,0,0,0,0,0,0,0,0,0,0,0,0,0,0,0,0,0,0,0,0,0,0,0,0
A,ENEMY_I325_I328,ITM,,ENEMY,0.0,1.0,,6500,1.0,0.0,1.0,0.141,0.348,5583,917,0,0,0,0,0,0,0,0,0,0,0,0,0,0,0,0,0,0,0,0,0,0,0,0,0,0,0,0,0,0,0,0,0,0,0
A,ENEMY_I325_I332,ITM,,ENEMY,0.0,1.0,,6500,1.0,0.0,1.0,0.216,0.412,5095,1405,0,0,0,0,0,0,0,0,0,0,0,0,0,0,0,0,0,0,0,0,0,0,0,0,0,0,0,0,0,0,0,0,0,0,0
A,ENEMY_I326_I327,ITM,,ENEMY,0.0,1.0,,6500,1.0,0.0,1.0,0.077,0.266,6001,499,0,0,0,0,0,0,0,0,0,0,0,0,0,0,0,0,0,0,0,0,0,0,0,0,0,0,0,0,0,0,0,0,0,0,0
A,ENEMY_I327_I335,ITM,,ENEMY,0.0,1.0,,6500,1.0,0.0,1.0,0.072,0.258,6033,467,0,0,0,0,0,0,0,0,0,0,0,0,0,0,0,0,0,0,0,0,0,0,0,0,0,0,0,0,0,0,0,0,0,0,0
A,ENEMY_I328_I332,ITM,,ENEMY,0.0,1.0,,6500,1.0,0.0,1.0,0.146,0.354,5548,952,0,0,0,0,0,0,0,0,0,0,0,0,0,0,0,0,0,0,0,0,0,0,0,0,0,0,0,0,0,0,0,0,0,0,0
A,ENEMY_I331_I335,ITM,,ENEMY,0.0,1.0,,6500,1.0,0.0,1.0,0.067,0.25,6063,437,0,0,0,0,0,0,0,0,0,0,0,0,0,0,0,0,0,0,0,0,0,0,0,0,0,0,0,0,0,0,0,0,0,0,0
A,ENEMY_I336_I340,ITM,,ENEMY,0.0,1.0,,6500,1.0,0.0,1.0,0.149,0.356,5534,966,0,0,0,0,0,0,0,0,0,0,0,0,0,0,0,0,0,0,0,0,0,0,0,0,0,0,0,0,0,0,0,0,0,0,0
A,ENEMY_I336_I341,ITM,,ENEMY,0.0,1.0,,6500,1.0,0.0,1.0,0.209,0.406,5143,1357,0,0,0,0,0,0,0,0,0,0,0,0,0,0,0,0,0,0,0,0,0,0,0,0,0,0,0,0,0,0,0,0,0,0,0
A,ENEMY_I340_I341,ITM,,ENEMY,0.0,1.0,,6500,1.0,0.0,1.0,0.13,0.337,5653,847,0,0,0,0,0,0,0,0,0,0,0,0,0,0,0,0,0,0,0,0,0,0,0,0,0,0,0,0,0,0,0,0,0,0,0
A,ENEMY_I342_I343,ITM,,ENEMY,0.0,1.0,,6500,1.0,0.0,1.0,0.08,0.271,5983,517,0,0,0,0,0,0,0,0,0,0,0,0,0,0,0,0,0,0,0,0,0,0,0,0,0,0,0,0,0,0,0,0,0,0,0
A,ENEMY_I342_I347,ITM,,ENEMY,0.0,1.0,,6500,1.0,0.0,1.0,0.076,0.265,6006,494,0,0,0,0,0,0,0,0,0,0,0,0,0,0,0,0,0,0,0,0,0,0,0,0,0,0,0,0,0,0,0,0,0,0,0
A,ENEMY_I348_I394,ITM,,ENEMY,0.0,1.0,,6500,1.0,0.0,1.0,0.074,0.262,6020,480,0,0,0,0,0,0,0,0,0,0,0,0,0,0,0,0,0,0,0,0,0,0,0,0,0,0,0,0,0,0,0,0,0,0,0
A,ENEMY_I349_I381,ITM,,ENEMY,0.0,1.0,,6500,1.0,0.0,1.0,0.075,0.263,6013,487,0,0,0,0,0,0,0,0,0,0,0,0,0,0,0,0,0,0,0,0,0,0,0,0,0,0,0,0,0,0,0,0,0,0,0
A,ENEMY_I351_I352,ITM,,ENEMY,0.0,1.0,,6500,1.0,0.0,1.0,0.001,0.028,6495,5,0,0,0,0,0,0,0,0,0,0,0,0,0,0,0,0,0,0,0,0,0,0,0,0,0,0,0,0,0,0,0,0,0,0,0
A,ENEMY_I353_I354,ITM,,ENEMY,0.0,1.0,,6500,1.0,0.0,1.0,0.064,0.245,6084,416,0,0,0,0,0,0,0,0,0,0,0,0,0,0,0,0,0,0,0,0,0,0,0,0,0,0,0,0,0,0,0,0,0,0,0
A,ENEMY_I358_I361,ITM,,ENEMY,0.0,1.0,,6500,1.0,0.0,1.0,0.08,0.271,5981,519,0,0,0,0,0,0,0,0,0,0,0,0,0,0,0,0,0,0,0,0,0,0,0,0,0,0,0,0,0,0,0,0,0,0,0
A,ENEMY_I358_I362,ITM,,ENEMY,0.0,1.0,,6500,1.0,0.0,1.0,0.087,0.282,5932,568,0,0,0,0,0,0,0,0,0,0,0,0,0,0,0,0,0,0,0,0,0,0,0,0,0,0,0,0,0,0,0,0,0,0,0
A,ENEMY_I361_I362,ITM,,ENEMY,0.0,1.0,,6500,1.0,0.0,1.0,0.093,0.291,5893,607,0,0,0,0,0,0,0,0,0,0,0,0,0,0,0,0,0,0,0,0,0,0,0,0,0,0,0,0,0,0,0,0,0,0,0
A,ENEMY_I367_I371,ITM,,ENEMY,0.0,1.0,,6500,1.0,0.0,1.0,0.095,0.293,5882,618,0,0,0,0,0,0,0,0,0,0,0,0,0,0,0,0,0,0,0,0,0,0,0,0,0,0,0,0,0,0,0,0,0,0,0
A,ENEMY_I368_I369,ITM,,ENEMY,0.0,1.0,,6500,1.0,0.0,1.0,0.064,0.244,6086,414,0,0,0,0,0,0,0,0,0,0,0,0,0,0,0,0,0,0,0,0,0,0,0,0,0,0,0,0,0,0,0,0,0,0,0
A,ENEMY_I370_I371,ITM,,ENEMY,0.0,1.0,,6500,1.0,0.0,1.0,0.087,0.282,5933,567,0,0,0,0,0,0,0,0,0,0,0,0,0,0,0,0,0,0,0,0,0,0,0,0,0,0,0,0,0,0,0,0,0,0,0
A,ENEMY_I377_I378,ITM,,ENEMY,0.0,1.0,,6500,1.0,0.0,1.0,0.07,0.256,6043,457,0,0,0,0,0,0,0,0,0,0,0,0,0,0,0,0,0,0,0,0,0,0,0,0,0,0,0,0,0,0,0,0,0,0,0
A,ENEMY_I389_I400,ITM,,ENEMY,0.0,1.0,,6500,1.0,0.0,0.0,0.0,0.0,6500,0,0,0,0,0,0,0,0,0,0,0,0,0,0,0,0,0,0,0,0,0,0,0,0,0,0,0,0,0,0,0,0,0,0,0,0
A,ENEMY_I393_I394,ITM,,ENEMY,0.0,1.0,,6500,1.0,0.0,1.0,0.086,0.281,5940,560,0,0,0,0,0,0,0,0,0,0,0,0,0,0,0,0,0,0,0,0,0,0,0,0,0,0,0,0,0,0,0,0,0,0,0
A,ENEMY_I394_I399,ITM,,ENEMY,0.0,1.0,,6500,1.0,0.0,1.0,0.039,0.193,6248,252,0,0,0,0,0,0,0,0,0,0,0,0,0,0,0,0,0,0,0,0,0,0,0,0,0,0,0,0,0,0,0,0,0,0,0
A,ENEMY_I395_I397,ITM,,ENEMY,0.0,1.0,,6500,1.0,0.0,1.0,0.083,0.276,5962,538,0,0,0,0,0,0,0,0,0,0,0,0,0,0,0,0,0,0,0,0,0,0,0,0,0,0,0,0,0,0,0,0,0,0,0
A,ENEMY_I396_I397,ITM,,ENEMY,0.0,1.0,,6500,1.0,0.0,1.0,0.083,0.276,5959,541,0,0,0,0,0,0,0,0,0,0,0,0,0,0,0,0,0,0,0,0,0,0,0,0,0,0,0,0,0,0,0,0,0,0,0
